EVENT_ID	SAMPLE_TEST_RESULT_ID	SOURCE_FILE_ID	EVENT_GROUP_ID	EVENT_TYPE	GENOME_BUILD	CALLING_METHOD	RAW_EVENT_TEXT	LINE_NUMBER	EVENT_STATUS	CONFIDENCE	ANNOTATIONS
1	1092	14		TRANS	hg38	GUI-imported CNV	t(9;22)(q34;q11.2)	2	IMPORTED		
2	1093	15	TXG001	TRANS	hg38	GUI-imported CNV	t(9;22)(q34;q11.2)	2	IMPORTED		
3	1095	15	TXG002	TRANS	hg38	GUI-imported CNV	t(1;7)(p36;q31)	4	IMPORTED		
4	1097	15	TXG003	TRANS	hg38	GUI-imported CNV	t(2;12)(q21;p13)	6	IMPORTED		
5	1099	15	TXG004	TRANS	hg38	GUI-imported CNV	t(3;8)(p21;q24)	8	IMPORTED		
6	1101	15	TXG005	TRANS	hg38	GUI-imported CNV	t(4;11)(q31;q23)	10	IMPORTED		
7	1103	15	TXG006	TRANS	hg38	GUI-imported CNV	t(5;14)(q13;q32)	12	IMPORTED		
8	1105	15	TXG007	TRANS	hg38	GUI-imported CNV	t(6;17)(p21;q21)	14	IMPORTED		
9	1107	15	TXG008	TRANS	hg38	GUI-imported CNV	t(7;10)(q34;q22)	16	IMPORTED		
10	1109	15	TXG009	TRANS	hg38	GUI-imported CNV	t(8;21)(q22;q22)	18	IMPORTED		
11	1111	15	TXG010	TRANS	hg38	GUI-imported CNV	t(9;15)(p21;q21)	20	IMPORTED		
12	1113	15	TXG011	TRANS	hg38	GUI-imported CNV	t(10;20)(p11;q13)	22	IMPORTED		
13	1115	15	TXG012	TRANS	hg38	GUI-imported CNV	t(11;19)(q23;p13)	24	IMPORTED		
14	1117	15	TXG013	TRANS	hg38	GUI-imported CNV	t(12;18)(q15;q11)	26	IMPORTED		
15	1119	15	TXG014	TRANS	hg38	GUI-imported CNV	t(13;3)(q14;q26)	28	IMPORTED		
16	1121	15	TXG015	TRANS	hg38	GUI-imported CNV	t(14;5)(q24;q33)	30	IMPORTED		
17	1123	15	TXG016	TRANS	hg38	GUI-imported CNV	t(15;1)(q15;q23)	32	IMPORTED		
18	1125	15	TXG017	TRANS	hg38	GUI-imported CNV	t(16;2)(q22;q31)	34	IMPORTED		
19	1127	15	TXG018	TRANS	hg38	GUI-imported CNV	t(17;6)(p13;p21)	36	IMPORTED		
20	1129	15	TXG019	TRANS	hg38	GUI-imported CNV	t(18;9)(q23;q34)	38	IMPORTED		
21	1131	15	TXG020	TRANS	hg38	GUI-imported CNV	t(19;22)(p13;q13)	40	IMPORTED		
22	1133	15	TXG021	TRANS	hg38	GUI-imported CNV	t(20;4)(p12;q22)	42	IMPORTED		
23	1135	15	TXG022	TRANS	hg38	GUI-imported CNV	t(21;8)(q21;q24)	44	IMPORTED		
24	1137	15	TXG023	TRANS	hg38	GUI-imported CNV	t(22;9)(q11.2;q34)	46	IMPORTED		
25	1139	15	TXG024	TRANS	hg38	GUI-imported CNV	t(X;2)(p11;p21)	48	IMPORTED		
26	1141	15	TXG025	TRANS	hg38	GUI-imported CNV	t(Y;1)(q11;q41)	50	IMPORTED		
27	1143	15	TXG026	TRANS	hg38	GUI-imported CNV	t(1;16)(q44;q24)	52	IMPORTED		
28	1145	15	TXG027	TRANS	hg38	GUI-imported CNV	t(2;7)(q37;q22)	54	IMPORTED		
29	1147	15	TXG028	TRANS	hg38	GUI-imported CNV	t(3;11)(p25;p14)	56	IMPORTED		
30	1149	15	TXG029	TRANS	hg38	GUI-imported CNV	t(4;13)(p16;q34)	58	IMPORTED		
31	1151	15	TXG030	TRANS	hg38	GUI-imported CNV	t(5;7)(q31;q21)	60	IMPORTED		
32	1153	15	TXG031	TRANS	hg38	GUI-imported CNV	t(6;14)(p21;q11)	62	IMPORTED		
33	1155	15	TXG032	TRANS	hg38	GUI-imported CNV	t(7;12)(p11;q24)	64	IMPORTED		
34	1157	15	TXG033	TRANS	hg38	GUI-imported CNV	t(8;17)(p12;q25)	66	IMPORTED		
35	1159	15	TXG034	TRANS	hg38	GUI-imported CNV	t(9;3)(q21;p14)	68	IMPORTED		
36	1161	15	TXG035	TRANS	hg38	GUI-imported CNV	t(10;18)(q26;q21)	70	IMPORTED		
37	1163	15	TXG036	TRANS	hg38	GUI-imported CNV	t(11;15)(q13;q26)	72	IMPORTED		
38	1165	15	TXG037	TRANS	hg38	GUI-imported CNV	t(12;20)(q24;q13)	74	IMPORTED		
39	1167	15	TXG038	TRANS	hg38	GUI-imported CNV	t(13;19)(q13;q13)	76	IMPORTED		
40	1169	15	TXG039	TRANS	hg38	GUI-imported CNV	t(14;21)(q32;q22)	78	IMPORTED		
41	1171	15	TXG040	TRANS	hg38	GUI-imported CNV	t(15;22)(q12;q11)	80	IMPORTED		
42	1173	15	TXG041	TRANS	hg38	GUI-imported CNV	t(16;5)(p13;q35)	82	IMPORTED		
43	1175	15	TXG042	TRANS	hg38	GUI-imported CNV	t(17;1)(q21;p13)	84	IMPORTED		
44	1177	15	TXG043	TRANS	hg38	GUI-imported CNV	t(18;6)(p11;p21)	86	IMPORTED		
45	1179	15	TXG044	TRANS	hg38	GUI-imported CNV	t(19;10)(q13;q11)	88	IMPORTED		
46	1181	15	TXG045	TRANS	hg38	GUI-imported CNV	t(20;12)(q13;q15)	90	IMPORTED		
47	1183	15	TXG046	TRANS	hg38	GUI-imported CNV	t(21;4)(q22;q35)	92	IMPORTED		
48	1185	15	TXG047	TRANS	hg38	GUI-imported CNV	t(22;8)(q13;q24)	94	IMPORTED		
49	1187	15	TXG048	TRANS	hg38	GUI-imported CNV	t(X;9)(q13;p21)	96	IMPORTED		
50	1189	15	TXG049	TRANS	hg38	GUI-imported CNV	t(Y;15)(q11;q21)	98	IMPORTED		
51	1191	15	TXG050	TRANS	hg38	GUI-imported CNV	t(5;22)(q33;q11.2)	100	IMPORTED		
52	1094	15	TXG001	TRANS	hg38	GUI-imported CNV	t(9;22)(q34;q11.2)	3	IMPORTED		
53	1096	15	TXG002	TRANS	hg38	GUI-imported CNV	t(1;7)(p36;q31)	5	IMPORTED		
54	1098	15	TXG003	TRANS	hg38	GUI-imported CNV	t(2;12)(q21;p13)	7	IMPORTED		
55	1100	15	TXG004	TRANS	hg38	GUI-imported CNV	t(3;8)(p21;q24)	9	IMPORTED		
56	1102	15	TXG005	TRANS	hg38	GUI-imported CNV	t(4;11)(q31;q23)	11	IMPORTED		
57	1104	15	TXG006	TRANS	hg38	GUI-imported CNV	t(5;14)(q13;q32)	13	IMPORTED		
58	1106	15	TXG007	TRANS	hg38	GUI-imported CNV	t(6;17)(p21;q21)	15	IMPORTED		
59	1108	15	TXG008	TRANS	hg38	GUI-imported CNV	t(7;10)(q34;q22)	17	IMPORTED		
60	1110	15	TXG009	TRANS	hg38	GUI-imported CNV	t(8;21)(q22;q22)	19	IMPORTED		
61	1112	15	TXG010	TRANS	hg38	GUI-imported CNV	t(9;15)(p21;q21)	21	IMPORTED		
62	1114	15	TXG011	TRANS	hg38	GUI-imported CNV	t(10;20)(p11;q13)	23	IMPORTED		
63	1116	15	TXG012	TRANS	hg38	GUI-imported CNV	t(11;19)(q23;p13)	25	IMPORTED		
64	1118	15	TXG013	TRANS	hg38	GUI-imported CNV	t(12;18)(q15;q11)	27	IMPORTED		
65	1120	15	TXG014	TRANS	hg38	GUI-imported CNV	t(13;3)(q14;q26)	29	IMPORTED		
66	1122	15	TXG015	TRANS	hg38	GUI-imported CNV	t(14;5)(q24;q33)	31	IMPORTED		
67	1124	15	TXG016	TRANS	hg38	GUI-imported CNV	t(15;1)(q15;q23)	33	IMPORTED		
68	1126	15	TXG017	TRANS	hg38	GUI-imported CNV	t(16;2)(q22;q31)	35	IMPORTED		
69	1128	15	TXG018	TRANS	hg38	GUI-imported CNV	t(17;6)(p13;p21)	37	IMPORTED		
70	1130	15	TXG019	TRANS	hg38	GUI-imported CNV	t(18;9)(q23;q34)	39	IMPORTED		
71	1132	15	TXG020	TRANS	hg38	GUI-imported CNV	t(19;22)(p13;q13)	41	IMPORTED		
72	1134	15	TXG021	TRANS	hg38	GUI-imported CNV	t(20;4)(p12;q22)	43	IMPORTED		
73	1136	15	TXG022	TRANS	hg38	GUI-imported CNV	t(21;8)(q21;q24)	45	IMPORTED		
74	1138	15	TXG023	TRANS	hg38	GUI-imported CNV	t(22;9)(q11.2;q34)	47	IMPORTED		
75	1140	15	TXG024	TRANS	hg38	GUI-imported CNV	t(X;2)(p11;p21)	49	IMPORTED		
76	1142	15	TXG025	TRANS	hg38	GUI-imported CNV	t(Y;1)(q11;q41)	51	IMPORTED		
77	1144	15	TXG026	TRANS	hg38	GUI-imported CNV	t(1;16)(q44;q24)	53	IMPORTED		
78	1146	15	TXG027	TRANS	hg38	GUI-imported CNV	t(2;7)(q37;q22)	55	IMPORTED		
79	1148	15	TXG028	TRANS	hg38	GUI-imported CNV	t(3;11)(p25;p14)	57	IMPORTED		
80	1150	15	TXG029	TRANS	hg38	GUI-imported CNV	t(4;13)(p16;q34)	59	IMPORTED		
81	1152	15	TXG030	TRANS	hg38	GUI-imported CNV	t(5;7)(q31;q21)	61	IMPORTED		
82	1154	15	TXG031	TRANS	hg38	GUI-imported CNV	t(6;14)(p21;q11)	63	IMPORTED		
83	1156	15	TXG032	TRANS	hg38	GUI-imported CNV	t(7;12)(p11;q24)	65	IMPORTED		
84	1158	15	TXG033	TRANS	hg38	GUI-imported CNV	t(8;17)(p12;q25)	67	IMPORTED		
85	1160	15	TXG034	TRANS	hg38	GUI-imported CNV	t(9;3)(q21;p14)	69	IMPORTED		
86	1162	15	TXG035	TRANS	hg38	GUI-imported CNV	t(10;18)(q26;q21)	71	IMPORTED		
87	1164	15	TXG036	TRANS	hg38	GUI-imported CNV	t(11;15)(q13;q26)	73	IMPORTED		
88	1166	15	TXG037	TRANS	hg38	GUI-imported CNV	t(12;20)(q24;q13)	75	IMPORTED		
89	1168	15	TXG038	TRANS	hg38	GUI-imported CNV	t(13;19)(q13;q13)	77	IMPORTED		
90	1170	15	TXG039	TRANS	hg38	GUI-imported CNV	t(14;21)(q32;q22)	79	IMPORTED		
91	1172	15	TXG040	TRANS	hg38	GUI-imported CNV	t(15;22)(q12;q11)	81	IMPORTED		
92	1174	15	TXG041	TRANS	hg38	GUI-imported CNV	t(16;5)(p13;q35)	83	IMPORTED		
93	1176	15	TXG042	TRANS	hg38	GUI-imported CNV	t(17;1)(q21;p13)	85	IMPORTED		
94	1178	15	TXG043	TRANS	hg38	GUI-imported CNV	t(18;6)(p11;p21)	87	IMPORTED		
95	1180	15	TXG044	TRANS	hg38	GUI-imported CNV	t(19;10)(q13;q11)	89	IMPORTED		
96	1182	15	TXG045	TRANS	hg38	GUI-imported CNV	t(20;12)(q13;q15)	91	IMPORTED		
97	1184	15	TXG046	TRANS	hg38	GUI-imported CNV	t(21;4)(q22;q35)	93	IMPORTED		
98	1186	15	TXG047	TRANS	hg38	GUI-imported CNV	t(22;8)(q13;q24)	95	IMPORTED		
99	1188	15	TXG048	TRANS	hg38	GUI-imported CNV	t(X;9)(q13;p21)	97	IMPORTED		
100	1190	15	TXG049	TRANS	hg38	GUI-imported CNV	t(Y;15)(q11;q21)	99	IMPORTED		
101	1192	15	TXG050	TRANS	hg38	GUI-imported CNV	t(5;22)(q33;q11.2)	101	IMPORTED		
102	1193	16		DEL	hg38	GUI-imported CNV	arr[hg38] 7q11.23q21.11(51109096_63573985)x1	2	IMPORTED	HIGH	12464890;CMA
103	1194	16		DUP	hg38	GUI-imported CNV	arr[hg38] 17q12q21.2(36095248_42636838)x3	3	IMPORTED	MEDIUM	6541591;CMA
104	1195	16		GAIN	hg38	GUI-imported CNV	seq[hg38] 22q13.1q13.33 gain	4	IMPORTED	LOW	9350627;NGS-CNV
105	1196	16		LOSS	hg38	GUI-imported CNV	seq[hg38] 13q33.1q34 loss	5	IMPORTED	MEDIUM	8978164;NGS-CNV
106	1197	16	TXG001	TRANS	hg38	GUI-imported CNV	46,XX,t(9;22)(q34;q11.2)	6	IMPORTED	HIGH	1001;KARYOTYPE
107	1198	16	TXG001	TRANS	hg38	GUI-imported CNV	46,XX,t(9;22)(q34;q11.2)	7	IMPORTED	HIGH	1001;KARYOTYPE
108	1199	16	INVG001	INV	hg38	GUI-imported CNV	46,XY,inv(3)(p25q21)	8	IMPORTED	HIGH	101001;KARYOTYPE
109	1200	16	INVG001	INV	hg38	GUI-imported CNV	46,XY,inv(3)(p25q21)	9	IMPORTED	HIGH	101001;KARYOTYPE
110	1201	16	DERG001	DER	hg38	GUI-imported CNV	46,XX,der(5)t(5;8)(q31;p23)	10	IMPORTED	HIGH	100001;KARYOTYPE
111	1202	16	DERG001	DER	hg38	GUI-imported CNV	46,XX,der(5)t(5;8)(q31;p23)	11	IMPORTED	HIGH	100001;KARYOTYPE
