NOTE_ID	TARGET_TABLE	TARGET_ID	NOTE_TYPE	NOTE_TEXT	AUTHOR	CREATED_AT
1	signed_out_calls	1	Reviewer note	Demo reviewer note 1; includes parental studies or dosage review when relevant.	reviewer2	2026-06-08 12:19:44.848177
2	signed_out_calls	2	Follow-up note	Demo follow-up note 2; includes parental studies or dosage review when relevant.	reviewer3	2026-06-08 12:19:44.852009
3	signed_out_calls	3	Evidence note	Demo evidence note 3; includes parental studies or dosage review when relevant.	reviewer4	2026-06-08 12:19:44.854787
4	signed_out_calls	4	Sign-out note	Demo sign-out note 4; includes parental studies or dosage review when relevant.	reviewer1	2026-06-08 12:19:44.857542
5	signed_out_calls	5	Import note	Demo import note 5; includes parental studies or dosage review when relevant.	reviewer2	2026-06-08 12:19:44.860302
6	signed_out_calls	6	Reviewer note	Demo reviewer note 6; includes parental studies or dosage review when relevant.	reviewer3	2026-06-08 12:19:44.862739
7	signed_out_calls	7	Follow-up note	Demo follow-up note 7; includes parental studies or dosage review when relevant.	reviewer4	2026-06-08 12:19:44.864685
8	signed_out_calls	8	Evidence note	Demo evidence note 8; includes parental studies or dosage review when relevant.	reviewer1	2026-06-08 12:19:44.866622
9	signed_out_calls	9	Sign-out note	Demo sign-out note 9; includes parental studies or dosage review when relevant.	reviewer2	2026-06-08 12:19:44.868563
10	signed_out_calls	10	Import note	Demo import note 10; includes parental studies or dosage review when relevant.	reviewer3	2026-06-08 12:19:44.870446
11	signed_out_calls	11	Reviewer note	Demo reviewer note 11; includes parental studies or dosage review when relevant.	reviewer4	2026-06-08 12:19:44.872251
12	signed_out_calls	12	Follow-up note	Demo follow-up note 12; includes parental studies or dosage review when relevant.	reviewer1	2026-06-08 12:19:44.8741
13	signed_out_calls	13	Evidence note	Demo evidence note 13; includes parental studies or dosage review when relevant.	reviewer2	2026-06-08 12:19:44.875876
14	signed_out_calls	14	Sign-out note	Demo sign-out note 14; includes parental studies or dosage review when relevant.	reviewer3	2026-06-08 12:19:44.877686
15	signed_out_calls	15	Import note	Demo import note 15; includes parental studies or dosage review when relevant.	reviewer4	2026-06-08 12:19:44.879433
16	signed_out_calls	16	Reviewer note	Demo reviewer note 16; includes parental studies or dosage review when relevant.	reviewer1	2026-06-08 12:19:44.882528
17	signed_out_calls	17	Follow-up note	Demo follow-up note 17; includes parental studies or dosage review when relevant.	reviewer2	2026-06-08 12:19:44.884175
18	signed_out_calls	18	Evidence note	Demo evidence note 18; includes parental studies or dosage review when relevant.	reviewer3	2026-06-08 12:19:44.885809
19	signed_out_calls	19	Sign-out note	Demo sign-out note 19; includes parental studies or dosage review when relevant.	reviewer4	2026-06-08 12:19:44.887416
20	signed_out_calls	20	Import note	Demo import note 20; includes parental studies or dosage review when relevant.	reviewer1	2026-06-08 12:19:44.889038
21	signed_out_calls	21	Reviewer note	Demo reviewer note 21; includes parental studies or dosage review when relevant.	reviewer2	2026-06-08 12:19:44.890752
22	signed_out_calls	22	Follow-up note	Demo follow-up note 22; includes parental studies or dosage review when relevant.	reviewer3	2026-06-08 12:19:44.892441
23	signed_out_calls	23	Evidence note	Demo evidence note 23; includes parental studies or dosage review when relevant.	reviewer4	2026-06-08 12:19:44.894067
24	signed_out_calls	24	Sign-out note	Demo sign-out note 24; includes parental studies or dosage review when relevant.	reviewer1	2026-06-08 12:19:44.895681
25	signed_out_calls	25	Import note	Demo import note 25; includes parental studies or dosage review when relevant.	reviewer2	2026-06-08 12:19:44.897287
26	signed_out_calls	26	Reviewer note	Demo reviewer note 26; includes parental studies or dosage review when relevant.	reviewer3	2026-06-08 12:19:44.89889
27	signed_out_calls	27	Follow-up note	Demo follow-up note 27; includes parental studies or dosage review when relevant.	reviewer4	2026-06-08 12:19:44.900487
28	signed_out_calls	28	Evidence note	Demo evidence note 28; includes parental studies or dosage review when relevant.	reviewer1	2026-06-08 12:19:44.902089
29	signed_out_calls	29	Sign-out note	Demo sign-out note 29; includes parental studies or dosage review when relevant.	reviewer2	2026-06-08 12:19:44.90369
30	signed_out_calls	30	Import note	Demo import note 30; includes parental studies or dosage review when relevant.	reviewer3	2026-06-08 12:19:44.905426
31	signed_out_calls	31	Reviewer note	Demo reviewer note 31; includes parental studies or dosage review when relevant.	reviewer4	2026-06-08 12:19:44.907055
32	signed_out_calls	32	Follow-up note	Demo follow-up note 32; includes parental studies or dosage review when relevant.	reviewer1	2026-06-08 12:19:44.908674
33	signed_out_calls	33	Evidence note	Demo evidence note 33; includes parental studies or dosage review when relevant.	reviewer2	2026-06-08 12:19:44.910352
34	signed_out_calls	34	Sign-out note	Demo sign-out note 34; includes parental studies or dosage review when relevant.	reviewer3	2026-06-08 12:19:44.911974
35	signed_out_calls	35	Import note	Demo import note 35; includes parental studies or dosage review when relevant.	reviewer4	2026-06-08 12:19:44.913597
36	signed_out_calls	36	Reviewer note	Demo reviewer note 36; includes parental studies or dosage review when relevant.	reviewer1	2026-06-08 12:19:44.915269
37	signed_out_calls	37	Follow-up note	Demo follow-up note 37; includes parental studies or dosage review when relevant.	reviewer2	2026-06-08 12:19:44.916877
38	signed_out_calls	38	Evidence note	Demo evidence note 38; includes parental studies or dosage review when relevant.	reviewer3	2026-06-08 12:19:44.918473
39	signed_out_calls	39	Sign-out note	Demo sign-out note 39; includes parental studies or dosage review when relevant.	reviewer4	2026-06-08 12:19:44.920176
40	signed_out_calls	40	Import note	Demo import note 40; includes parental studies or dosage review when relevant.	reviewer1	2026-06-08 12:19:44.921858
41	signed_out_calls	41	Reviewer note	Demo reviewer note 41; includes parental studies or dosage review when relevant.	reviewer2	2026-06-08 12:19:44.923575
42	signed_out_calls	42	Follow-up note	Demo follow-up note 42; includes parental studies or dosage review when relevant.	reviewer3	2026-06-08 12:19:44.925225
43	signed_out_calls	43	Evidence note	Demo evidence note 43; includes parental studies or dosage review when relevant.	reviewer4	2026-06-08 12:19:44.928345
44	signed_out_calls	44	Sign-out note	Demo sign-out note 44; includes parental studies or dosage review when relevant.	reviewer1	2026-06-08 12:19:44.93001
45	signed_out_calls	45	Import note	Demo import note 45; includes parental studies or dosage review when relevant.	reviewer2	2026-06-08 12:19:44.931628
46	signed_out_calls	46	Reviewer note	Demo reviewer note 46; includes parental studies or dosage review when relevant.	reviewer3	2026-06-08 12:19:44.933223
47	signed_out_calls	47	Follow-up note	Demo follow-up note 47; includes parental studies or dosage review when relevant.	reviewer4	2026-06-08 12:19:44.934805
48	signed_out_calls	48	Evidence note	Demo evidence note 48; includes parental studies or dosage review when relevant.	reviewer1	2026-06-08 12:19:44.9364
49	signed_out_calls	49	Sign-out note	Demo sign-out note 49; includes parental studies or dosage review when relevant.	reviewer2	2026-06-08 12:19:44.938047
50	signed_out_calls	50	Import note	Demo import note 50; includes parental studies or dosage review when relevant.	reviewer3	2026-06-08 12:19:44.939638
51	signed_out_calls	51	Reviewer note	Demo reviewer note 51; includes parental studies or dosage review when relevant.	reviewer4	2026-06-08 12:19:44.941218
52	signed_out_calls	52	Follow-up note	Demo follow-up note 52; includes parental studies or dosage review when relevant.	reviewer1	2026-06-08 12:19:44.942793
53	signed_out_calls	53	Evidence note	Demo evidence note 53; includes parental studies or dosage review when relevant.	reviewer2	2026-06-08 12:19:44.944366
54	signed_out_calls	54	Sign-out note	Demo sign-out note 54; includes parental studies or dosage review when relevant.	reviewer3	2026-06-08 12:19:44.945959
55	signed_out_calls	55	Import note	Demo import note 55; includes parental studies or dosage review when relevant.	reviewer4	2026-06-08 12:19:44.947537
56	signed_out_calls	56	Reviewer note	Demo reviewer note 56; includes parental studies or dosage review when relevant.	reviewer1	2026-06-08 12:19:44.949122
57	signed_out_calls	57	Follow-up note	Demo follow-up note 57; includes parental studies or dosage review when relevant.	reviewer2	2026-06-08 12:19:44.950704
58	signed_out_calls	58	Evidence note	Demo evidence note 58; includes parental studies or dosage review when relevant.	reviewer3	2026-06-08 12:19:44.952278
59	signed_out_calls	59	Sign-out note	Demo sign-out note 59; includes parental studies or dosage review when relevant.	reviewer4	2026-06-08 12:19:44.953863
60	signed_out_calls	60	Import note	Demo import note 60; includes parental studies or dosage review when relevant.	reviewer1	2026-06-08 12:19:44.955439
61	signed_out_calls	61	Reviewer note	Demo reviewer note 61; includes parental studies or dosage review when relevant.	reviewer2	2026-06-08 12:19:44.95703
62	signed_out_calls	62	Follow-up note	Demo follow-up note 62; includes parental studies or dosage review when relevant.	reviewer3	2026-06-08 12:19:44.958609
63	signed_out_calls	63	Evidence note	Demo evidence note 63; includes parental studies or dosage review when relevant.	reviewer4	2026-06-08 12:19:44.960184
64	signed_out_calls	64	Sign-out note	Demo sign-out note 64; includes parental studies or dosage review when relevant.	reviewer1	2026-06-08 12:19:44.961781
65	signed_out_calls	65	Import note	Demo import note 65; includes parental studies or dosage review when relevant.	reviewer2	2026-06-08 12:19:44.963427
66	signed_out_calls	66	Reviewer note	Demo reviewer note 66; includes parental studies or dosage review when relevant.	reviewer3	2026-06-08 12:19:44.965031
67	signed_out_calls	67	Follow-up note	Demo follow-up note 67; includes parental studies or dosage review when relevant.	reviewer4	2026-06-08 12:19:44.966607
68	signed_out_calls	68	Evidence note	Demo evidence note 68; includes parental studies or dosage review when relevant.	reviewer1	2026-06-08 12:19:44.968187
69	signed_out_calls	69	Sign-out note	Demo sign-out note 69; includes parental studies or dosage review when relevant.	reviewer2	2026-06-08 12:19:44.969761
70	signed_out_calls	70	Import note	Demo import note 70; includes parental studies or dosage review when relevant.	reviewer3	2026-06-08 12:19:44.971336
71	signed_out_calls	71	Reviewer note	Demo reviewer note 71; includes parental studies or dosage review when relevant.	reviewer4	2026-06-08 12:19:44.972916
72	signed_out_calls	72	Follow-up note	Demo follow-up note 72; includes parental studies or dosage review when relevant.	reviewer1	2026-06-08 12:19:44.975919
73	signed_out_calls	73	Evidence note	Demo evidence note 73; includes parental studies or dosage review when relevant.	reviewer2	2026-06-08 12:19:44.977596
74	signed_out_calls	74	Sign-out note	Demo sign-out note 74; includes parental studies or dosage review when relevant.	reviewer3	2026-06-08 12:19:44.979247
75	signed_out_calls	75	Import note	Demo import note 75; includes parental studies or dosage review when relevant.	reviewer4	2026-06-08 12:19:44.980841
76	signed_out_calls	76	Reviewer note	Demo reviewer note 76; includes parental studies or dosage review when relevant.	reviewer1	2026-06-08 12:19:44.98252
97	signed_out_calls	97	Reviewer note	Demo reviewer note 1; includes parental studies or dosage review when relevant.	reviewer2	2026-06-15 13:08:03.28691
98	signed_out_calls	98	Follow-up note	Demo follow-up note 2; includes parental studies or dosage review when relevant.	reviewer3	2026-06-15 13:08:03.288774
99	signed_out_calls	99	Evidence note	Demo evidence note 3; includes parental studies or dosage review when relevant.	reviewer4	2026-06-15 13:08:03.290543
100	signed_out_calls	100	Sign-out note	Demo sign-out note 4; includes parental studies or dosage review when relevant.	reviewer1	2026-06-15 13:08:03.292352
101	signed_out_calls	101	Import note	Demo import note 5; includes parental studies or dosage review when relevant.	reviewer2	2026-06-15 13:08:03.294122
102	signed_out_calls	102	Reviewer note	Demo reviewer note 6; includes parental studies or dosage review when relevant.	reviewer3	2026-06-15 13:08:03.295889
103	signed_out_calls	103	Follow-up note	Demo follow-up note 7; includes parental studies or dosage review when relevant.	reviewer4	2026-06-15 13:08:03.297635
104	signed_out_calls	104	Evidence note	Demo evidence note 8; includes parental studies or dosage review when relevant.	reviewer1	2026-06-15 13:08:03.299397
105	signed_out_calls	105	Sign-out note	Demo sign-out note 9; includes parental studies or dosage review when relevant.	reviewer2	2026-06-15 13:08:03.301178
106	signed_out_calls	106	Import note	Demo import note 10; includes parental studies or dosage review when relevant.	reviewer3	2026-06-15 13:08:03.30291
107	signed_out_calls	107	Reviewer note	Demo reviewer note 11; includes parental studies or dosage review when relevant.	reviewer4	2026-06-15 13:08:03.304645
108	signed_out_calls	108	Follow-up note	Demo follow-up note 12; includes parental studies or dosage review when relevant.	reviewer1	2026-06-15 13:08:03.306385
109	signed_out_calls	109	Evidence note	Demo evidence note 13; includes parental studies or dosage review when relevant.	reviewer2	2026-06-15 13:08:03.308102
110	signed_out_calls	110	Sign-out note	Demo sign-out note 14; includes parental studies or dosage review when relevant.	reviewer3	2026-06-15 13:08:03.309847
111	signed_out_calls	111	Import note	Demo import note 15; includes parental studies or dosage review when relevant.	reviewer4	2026-06-15 13:08:03.311605
112	signed_out_calls	112	Reviewer note	Demo reviewer note 16; includes parental studies or dosage review when relevant.	reviewer1	2026-06-15 13:08:03.313331
113	signed_out_calls	113	Follow-up note	Demo follow-up note 17; includes parental studies or dosage review when relevant.	reviewer2	2026-06-15 13:08:03.315078
114	signed_out_calls	114	Evidence note	Demo evidence note 18; includes parental studies or dosage review when relevant.	reviewer3	2026-06-15 13:08:03.316808
115	signed_out_calls	115	Sign-out note	Demo sign-out note 19; includes parental studies or dosage review when relevant.	reviewer4	2026-06-15 13:08:03.318615
116	signed_out_calls	116	Import note	Demo import note 20; includes parental studies or dosage review when relevant.	reviewer1	2026-06-15 13:08:03.320322
117	signed_out_calls	117	Reviewer note	Demo reviewer note 21; includes parental studies or dosage review when relevant.	reviewer2	2026-06-15 13:08:03.322094
118	signed_out_calls	118	Follow-up note	Demo follow-up note 22; includes parental studies or dosage review when relevant.	reviewer3	2026-06-15 13:08:03.323804
119	signed_out_calls	119	Evidence note	Demo evidence note 23; includes parental studies or dosage review when relevant.	reviewer4	2026-06-15 13:08:03.32561
120	signed_out_calls	120	Sign-out note	Demo sign-out note 24; includes parental studies or dosage review when relevant.	reviewer1	2026-06-15 13:08:03.327378
121	signed_out_calls	121	Import note	Demo import note 25; includes parental studies or dosage review when relevant.	reviewer2	2026-06-15 13:08:03.329045
122	signed_out_calls	122	Reviewer note	Demo reviewer note 26; includes parental studies or dosage review when relevant.	reviewer3	2026-06-15 13:08:03.330686
123	signed_out_calls	123	Follow-up note	Demo follow-up note 27; includes parental studies or dosage review when relevant.	reviewer4	2026-06-15 13:08:03.332296
124	signed_out_calls	124	Evidence note	Demo evidence note 28; includes parental studies or dosage review when relevant.	reviewer1	2026-06-15 13:08:03.333828
125	signed_out_calls	125	Sign-out note	Demo sign-out note 29; includes parental studies or dosage review when relevant.	reviewer2	2026-06-15 13:08:03.335354
126	signed_out_calls	126	Import note	Demo import note 30; includes parental studies or dosage review when relevant.	reviewer3	2026-06-15 13:08:03.336881
127	signed_out_calls	127	Reviewer note	Demo reviewer note 31; includes parental studies or dosage review when relevant.	reviewer4	2026-06-15 13:08:03.338414
128	signed_out_calls	128	Follow-up note	Demo follow-up note 32; includes parental studies or dosage review when relevant.	reviewer1	2026-06-15 13:08:03.339934
129	signed_out_calls	129	Evidence note	Demo evidence note 33; includes parental studies or dosage review when relevant.	reviewer2	2026-06-15 13:08:03.341492
130	signed_out_calls	130	Sign-out note	Demo sign-out note 34; includes parental studies or dosage review when relevant.	reviewer3	2026-06-15 13:08:03.343022
131	signed_out_calls	131	Import note	Demo import note 35; includes parental studies or dosage review when relevant.	reviewer4	2026-06-15 13:08:03.344545
132	signed_out_calls	132	Reviewer note	Demo reviewer note 36; includes parental studies or dosage review when relevant.	reviewer1	2026-06-15 13:08:03.346056
133	signed_out_calls	133	Follow-up note	Demo follow-up note 37; includes parental studies or dosage review when relevant.	reviewer2	2026-06-15 13:08:03.347505
134	signed_out_calls	134	Evidence note	Demo evidence note 38; includes parental studies or dosage review when relevant.	reviewer3	2026-06-15 13:08:03.348942
135	signed_out_calls	135	Sign-out note	Demo sign-out note 39; includes parental studies or dosage review when relevant.	reviewer4	2026-06-15 13:08:03.350392
136	signed_out_calls	136	Import note	Demo import note 40; includes parental studies or dosage review when relevant.	reviewer1	2026-06-15 13:08:03.3542
137	signed_out_calls	137	Reviewer note	Demo reviewer note 41; includes parental studies or dosage review when relevant.	reviewer2	2026-06-15 13:08:03.355671
138	signed_out_calls	138	Follow-up note	Demo follow-up note 42; includes parental studies or dosage review when relevant.	reviewer3	2026-06-15 13:08:03.357094
139	signed_out_calls	139	Evidence note	Demo evidence note 43; includes parental studies or dosage review when relevant.	reviewer4	2026-06-15 13:08:03.358515
140	signed_out_calls	140	Sign-out note	Demo sign-out note 44; includes parental studies or dosage review when relevant.	reviewer1	2026-06-15 13:08:03.359935
141	signed_out_calls	141	Import note	Demo import note 45; includes parental studies or dosage review when relevant.	reviewer2	2026-06-15 13:08:03.361388
142	signed_out_calls	142	Reviewer note	Demo reviewer note 46; includes parental studies or dosage review when relevant.	reviewer3	2026-06-15 13:08:03.36288
143	signed_out_calls	143	Follow-up note	Demo follow-up note 47; includes parental studies or dosage review when relevant.	reviewer4	2026-06-15 13:08:03.364436
144	signed_out_calls	144	Evidence note	Demo evidence note 48; includes parental studies or dosage review when relevant.	reviewer1	2026-06-15 13:08:03.366114
145	signed_out_calls	145	Sign-out note	Demo sign-out note 49; includes parental studies or dosage review when relevant.	reviewer2	2026-06-15 13:08:03.367654
146	signed_out_calls	146	Import note	Demo import note 50; includes parental studies or dosage review when relevant.	reviewer3	2026-06-15 13:08:03.36928
147	signed_out_calls	147	Reviewer note	Demo reviewer note 51; includes parental studies or dosage review when relevant.	reviewer4	2026-06-15 13:08:03.370844
148	signed_out_calls	148	Follow-up note	Demo follow-up note 52; includes parental studies or dosage review when relevant.	reviewer1	2026-06-15 13:08:03.372415
149	signed_out_calls	149	Evidence note	Demo evidence note 53; includes parental studies or dosage review when relevant.	reviewer2	2026-06-15 13:08:03.373934
150	signed_out_calls	150	Sign-out note	Demo sign-out note 54; includes parental studies or dosage review when relevant.	reviewer3	2026-06-15 13:08:03.37548
151	signed_out_calls	151	Import note	Demo import note 55; includes parental studies or dosage review when relevant.	reviewer4	2026-06-15 13:08:03.377032
152	signed_out_calls	152	Reviewer note	Demo reviewer note 56; includes parental studies or dosage review when relevant.	reviewer1	2026-06-15 13:08:03.378736
153	signed_out_calls	153	Follow-up note	Demo follow-up note 57; includes parental studies or dosage review when relevant.	reviewer2	2026-06-15 13:08:03.380318
154	signed_out_calls	154	Evidence note	Demo evidence note 58; includes parental studies or dosage review when relevant.	reviewer3	2026-06-15 13:08:03.381875
155	signed_out_calls	155	Sign-out note	Demo sign-out note 59; includes parental studies or dosage review when relevant.	reviewer4	2026-06-15 13:08:03.383483
156	signed_out_calls	156	Import note	Demo import note 60; includes parental studies or dosage review when relevant.	reviewer1	2026-06-15 13:08:03.385047
157	signed_out_calls	157	Reviewer note	Demo reviewer note 61; includes parental studies or dosage review when relevant.	reviewer2	2026-06-15 13:08:03.386599
158	signed_out_calls	158	Follow-up note	Demo follow-up note 62; includes parental studies or dosage review when relevant.	reviewer3	2026-06-15 13:08:03.388282
159	signed_out_calls	159	Evidence note	Demo evidence note 63; includes parental studies or dosage review when relevant.	reviewer4	2026-06-15 13:08:03.38983
160	signed_out_calls	160	Sign-out note	Demo sign-out note 64; includes parental studies or dosage review when relevant.	reviewer1	2026-06-15 13:08:03.391409
161	signed_out_calls	161	Import note	Demo import note 65; includes parental studies or dosage review when relevant.	reviewer2	2026-06-15 13:08:03.393023
162	signed_out_calls	162	Reviewer note	Demo reviewer note 66; includes parental studies or dosage review when relevant.	reviewer3	2026-06-15 13:08:03.394549
163	signed_out_calls	163	Follow-up note	Demo follow-up note 67; includes parental studies or dosage review when relevant.	reviewer4	2026-06-15 13:08:03.395988
164	signed_out_calls	164	Evidence note	Demo evidence note 68; includes parental studies or dosage review when relevant.	reviewer1	2026-06-15 13:08:03.397468
165	signed_out_calls	165	Sign-out note	Demo sign-out note 69; includes parental studies or dosage review when relevant.	reviewer2	2026-06-15 13:08:03.398888
166	signed_out_calls	166	Import note	Demo import note 70; includes parental studies or dosage review when relevant.	reviewer3	2026-06-15 13:08:03.400313
167	signed_out_calls	167	Reviewer note	Demo reviewer note 71; includes parental studies or dosage review when relevant.	reviewer4	2026-06-15 13:08:03.401727
168	signed_out_calls	168	Follow-up note	Demo follow-up note 72; includes parental studies or dosage review when relevant.	reviewer1	2026-06-15 13:08:03.403138
169	signed_out_calls	169	Evidence note	Demo evidence note 73; includes parental studies or dosage review when relevant.	reviewer2	2026-06-15 13:08:03.404563
170	signed_out_calls	170	Sign-out note	Demo sign-out note 74; includes parental studies or dosage review when relevant.	reviewer3	2026-06-15 13:08:03.405972
171	signed_out_calls	171	Import note	Demo import note 75; includes parental studies or dosage review when relevant.	reviewer4	2026-06-15 13:08:03.407386
172	signed_out_calls	172	Reviewer note	Demo reviewer note 76; includes parental studies or dosage review when relevant.	reviewer1	2026-06-15 13:08:03.408789
173	signed_out_calls	173	Follow-up note	Demo follow-up note 77; includes parental studies or dosage review when relevant.	reviewer2	2026-06-15 13:08:03.410196
174	signed_out_calls	174	Evidence note	Demo evidence note 78; includes parental studies or dosage review when relevant.	reviewer3	2026-06-15 13:08:03.41161
175	signed_out_calls	175	Sign-out note	Demo sign-out note 79; includes parental studies or dosage review when relevant.	reviewer4	2026-06-15 13:08:03.413061
176	signed_out_calls	176	Import note	Demo import note 80; includes parental studies or dosage review when relevant.	reviewer1	2026-06-15 13:08:03.414483
177	signed_out_calls	177	Reviewer note	Demo reviewer note 81; includes parental studies or dosage review when relevant.	reviewer2	2026-06-15 13:08:03.415907
178	signed_out_calls	178	Follow-up note	Demo follow-up note 82; includes parental studies or dosage review when relevant.	reviewer3	2026-06-15 13:08:03.417356
179	signed_out_calls	179	Evidence note	Demo evidence note 83; includes parental studies or dosage review when relevant.	reviewer4	2026-06-15 13:08:03.418792
180	signed_out_calls	180	Sign-out note	Demo sign-out note 84; includes parental studies or dosage review when relevant.	reviewer1	2026-06-15 13:08:03.420212
181	signed_out_calls	181	Import note	Demo import note 85; includes parental studies or dosage review when relevant.	reviewer2	2026-06-15 13:08:03.421629
182	signed_out_calls	182	Reviewer note	Demo reviewer note 86; includes parental studies or dosage review when relevant.	reviewer3	2026-06-15 13:08:03.423056
183	signed_out_calls	183	Follow-up note	Demo follow-up note 87; includes parental studies or dosage review when relevant.	reviewer4	2026-06-15 13:08:03.424474
184	signed_out_calls	184	Evidence note	Demo evidence note 88; includes parental studies or dosage review when relevant.	reviewer1	2026-06-15 13:08:03.425879
185	signed_out_calls	185	Sign-out note	Demo sign-out note 89; includes parental studies or dosage review when relevant.	reviewer2	2026-06-15 13:08:03.42729
186	signed_out_calls	186	Import note	Demo import note 90; includes parental studies or dosage review when relevant.	reviewer3	2026-06-15 13:08:03.428699
187	signed_out_calls	187	Reviewer note	Demo reviewer note 91; includes parental studies or dosage review when relevant.	reviewer4	2026-06-15 13:08:03.430092
188	signed_out_calls	188	Follow-up note	Demo follow-up note 92; includes parental studies or dosage review when relevant.	reviewer1	2026-06-15 13:08:03.431491
189	signed_out_calls	189	Evidence note	Demo evidence note 93; includes parental studies or dosage review when relevant.	reviewer2	2026-06-15 13:08:03.432892
190	signed_out_calls	190	Sign-out note	Demo sign-out note 94; includes parental studies or dosage review when relevant.	reviewer3	2026-06-15 13:08:03.437066
191	signed_out_calls	191	Import note	Demo import note 95; includes parental studies or dosage review when relevant.	reviewer4	2026-06-15 13:08:03.438546
192	signed_out_calls	192	Reviewer note	Demo reviewer note 96; includes parental studies or dosage review when relevant.	reviewer1	2026-06-15 13:08:03.439947
193	signed_out_calls	193	Follow-up note	Demo follow-up note 97; includes parental studies or dosage review when relevant.	reviewer2	2026-06-15 13:08:03.441348
194	signed_out_calls	194	Evidence note	Demo evidence note 98; includes parental studies or dosage review when relevant.	reviewer3	2026-06-15 13:08:03.442732
195	signed_out_calls	195	Sign-out note	Demo sign-out note 99; includes parental studies or dosage review when relevant.	reviewer4	2026-06-15 13:08:03.444111
196	signed_out_calls	196	Import note	Demo import note 100; includes parental studies or dosage review when relevant.	reviewer1	2026-06-15 13:08:03.4455
