SMALL_VARIANT_ANNOTATION_ID	SMALL_VARIANT_ID	GENE	GENE_ID	TRANSCRIPT	CONSEQUENCE	IMPACT	HGVS_C	HGVS_P	CLINVAR_STATUS	POPULATION_AF	ANNOTATION_SOURCE	ANNOTATION_VERSION	ANNOTATION_RAW	IS_PRIMARY_TRANSCRIPT
1	1	OR4F5	ENSG00000186092	ENST00000641515.2	synonymous_variant	LOW	c.243A>G	p.Ser81Ser			SnpEff	##SnpEffVersion="5.1d (build 2022-04-19 15:49), by Pablo Cingolani"	G|synonymous_variant|LOW|OR4F5|ENSG00000186092|transcript|ENST00000641515.2|protein_coding|3/3|c.243A>G|p.Ser81Ser|303/2618|243/981|81/326||	FALSE
2	2	OR4F5	ENSG00000186092	ENST00000641515.2	missense_variant	MODERATE	c.484A>G	p.Thr162Ala			SnpEff	##SnpEffVersion="5.1d (build 2022-04-19 15:49), by Pablo Cingolani"	G|missense_variant|MODERATE|OR4F5|ENSG00000186092|transcript|ENST00000641515.2|protein_coding|3/3|c.484A>G|p.Thr162Ala|544/2618|484/981|162/326||	FALSE
3	3	OR4F5	ENSG00000186092	ENST00000641515.2	missense_variant	MODERATE	c.734A>T	p.Asp245Val			SnpEff	##SnpEffVersion="5.1d (build 2022-04-19 15:49), by Pablo Cingolani"	T|missense_variant|MODERATE|OR4F5|ENSG00000186092|transcript|ENST00000641515.2|protein_coding|3/3|c.734A>T|p.Asp245Val|794/2618|734/981|245/326||	FALSE
4	4	OR4F5	ENSG00000186092	ENST00000641515.2	synonymous_variant	LOW	c.870T>C	p.Ser290Ser			SnpEff	##SnpEffVersion="5.1d (build 2022-04-19 15:49), by Pablo Cingolani"	C|synonymous_variant|LOW|OR4F5|ENSG00000186092|transcript|ENST00000641515.2|protein_coding|3/3|c.870T>C|p.Ser290Ser|930/2618|870/981|290/326||	FALSE
5	5	NOC2L	ENSG00000188976	ENST00000327044.7	downstream_gene_variant	MODIFIER	c.*3575T>C				SnpEff	##SnpEffVersion="5.1d (build 2022-04-19 15:49), by Pablo Cingolani"	G|downstream_gene_variant|MODIFIER|NOC2L|ENSG00000188976|transcript|ENST00000327044.7|protein_coding||c.*3575T>C|||||3084|	FALSE
6	5	SAMD11	ENSG00000187634	ENST00000618323.5	intron_variant	MODIFIER	c.1199-25A>G				SnpEff	##SnpEffVersion="5.1d (build 2022-04-19 15:49), by Pablo Cingolani"	G|intron_variant|MODIFIER|SAMD11|ENSG00000187634|transcript|ENST00000618323.5|protein_coding|7/13|c.1199-25A>G||||||	FALSE
7	6	NOC2L	ENSG00000188976	ENST00000327044.7	synonymous_variant	LOW	c.1843C>T	p.Leu615Leu			SnpEff	##SnpEffVersion="5.1d (build 2022-04-19 15:49), by Pablo Cingolani"	A|synonymous_variant|LOW|NOC2L|ENSG00000188976|transcript|ENST00000327044.7|protein_coding|16/19|c.1843C>T|p.Leu615Leu|1859/2757|1843/2250|615/749||	FALSE
8	6	SAMD11	ENSG00000187634	ENST00000618323.5	downstream_gene_variant	MODIFIER	c.*2094G>A				SnpEff	##SnpEffVersion="5.1d (build 2022-04-19 15:49), by Pablo Cingolani"	A|downstream_gene_variant|MODIFIER|SAMD11|ENSG00000187634|transcript|ENST00000618323.5|protein_coding||c.*2094G>A|||||1673|	FALSE
9	7	NOC2L	ENSG00000188976	ENST00000327044.7	intron_variant	MODIFIER	c.1192-41T>G				SnpEff	##SnpEffVersion="5.1d (build 2022-04-19 15:49), by Pablo Cingolani"	C|intron_variant|MODIFIER|NOC2L|ENSG00000188976|transcript|ENST00000327044.7|protein_coding|10/18|c.1192-41T>G||||||	FALSE
10	8	NOC2L	ENSG00000188976	ENST00000327044.7	synonymous_variant	LOW	c.1182T>C	p.Thr394Thr			SnpEff	##SnpEffVersion="5.1d (build 2022-04-19 15:49), by Pablo Cingolani"	G|synonymous_variant|LOW|NOC2L|ENSG00000188976|transcript|ENST00000327044.7|protein_coding|10/19|c.1182T>C|p.Thr394Thr|1198/2757|1182/2250|394/749||	FALSE
11	9	NOC2L	ENSG00000188976	ENST00000327044.7	synonymous_variant	LOW	c.918A>G	p.Glu306Glu			SnpEff	##SnpEffVersion="5.1d (build 2022-04-19 15:49), by Pablo Cingolani"	C|synonymous_variant|LOW|NOC2L|ENSG00000188976|transcript|ENST00000327044.7|protein_coding|9/19|c.918A>G|p.Glu306Glu|934/2757|918/2250|306/749||	FALSE
12	10	NOC2L	ENSG00000188976	ENST00000327044.7	missense_variant	MODERATE	c.898A>G	p.Ile300Val			SnpEff	##SnpEffVersion="5.1d (build 2022-04-19 15:49), by Pablo Cingolani"	C|missense_variant|MODERATE|NOC2L|ENSG00000188976|transcript|ENST00000327044.7|protein_coding|9/19|c.898A>G|p.Ile300Val|914/2757|898/2250|300/749||	FALSE
13	11	NOC2L	ENSG00000188976	ENST00000327044.7	splice_region_variant&intron_variant	LOW	c.888+4C>G				SnpEff	##SnpEffVersion="5.1d (build 2022-04-19 15:49), by Pablo Cingolani"	C|splice_region_variant&intron_variant|LOW|NOC2L|ENSG00000188976|transcript|ENST00000327044.7|protein_coding|8/18|c.888+4C>G||||||	FALSE
14	12	NOC2L	ENSG00000188976	ENST00000327044.7	splice_region_variant&intron_variant	LOW	c.888+3T>G				SnpEff	##SnpEffVersion="5.1d (build 2022-04-19 15:49), by Pablo Cingolani"	C|splice_region_variant&intron_variant|LOW|NOC2L|ENSG00000188976|transcript|ENST00000327044.7|protein_coding|8/18|c.888+3T>G||||||	FALSE
15	13	KLHL17	ENSG00000187961	ENST00000338591.8	upstream_gene_variant	MODIFIER	c.-1501G>A				SnpEff	##SnpEffVersion="5.1d (build 2022-04-19 15:49), by Pablo Cingolani"	A|upstream_gene_variant|MODIFIER|KLHL17|ENSG00000187961|transcript|ENST00000338591.8|protein_coding||c.-1501G>A|||||1391|	FALSE
16	13	NOC2L	ENSG00000188976	ENST00000327044.7	intron_variant	MODIFIER	c.26+22C>T				SnpEff	##SnpEffVersion="5.1d (build 2022-04-19 15:49), by Pablo Cingolani"	A|intron_variant|MODIFIER|NOC2L|ENSG00000188976|transcript|ENST00000327044.7|protein_coding|1/18|c.26+22C>T||||||	FALSE
17	14	KLHL17	ENSG00000187961	ENST00000338591.8	synonymous_variant	LOW	c.609G>C	p.Ala203Ala			SnpEff	##SnpEffVersion="5.1d (build 2022-04-19 15:49), by Pablo Cingolani"	C|synonymous_variant|LOW|KLHL17|ENSG00000187961|transcript|ENST00000338591.8|protein_coding|4/12|c.609G>C|p.Ala203Ala|719/2567|609/1929|203/642||	FALSE
18	14	NOC2L	ENSG00000188976	ENST00000327044.7	upstream_gene_variant	MODIFIER	c.-2705C>G				SnpEff	##SnpEffVersion="5.1d (build 2022-04-19 15:49), by Pablo Cingolani"	C|upstream_gene_variant|MODIFIER|NOC2L|ENSG00000188976|transcript|ENST00000327044.7|protein_coding||c.-2705C>G|||||2689|	FALSE
19	14	PLEKHN1	ENSG00000187583	ENST00000379409.6	upstream_gene_variant	MODIFIER	c.-4587G>C				SnpEff	##SnpEffVersion="5.1d (build 2022-04-19 15:49), by Pablo Cingolani"	C|upstream_gene_variant|MODIFIER|PLEKHN1|ENSG00000187583|transcript|ENST00000379409.6|protein_coding||c.-4587G>C|||||4557|	FALSE
20	15	KLHL17	ENSG00000187961	ENST00000338591.8	synonymous_variant	LOW	c.1863G>C	p.Val621Val			SnpEff	##SnpEffVersion="5.1d (build 2022-04-19 15:49), by Pablo Cingolani"	C|synonymous_variant|LOW|KLHL17|ENSG00000187961|transcript|ENST00000338591.8|protein_coding|12/12|c.1863G>C|p.Val621Val|1973/2567|1863/1929|621/642||	FALSE
21	15	PLEKHN1	ENSG00000187583	ENST00000379409.6	upstream_gene_variant	MODIFIER	c.-1407G>C				SnpEff	##SnpEffVersion="5.1d (build 2022-04-19 15:49), by Pablo Cingolani"	C|upstream_gene_variant|MODIFIER|PLEKHN1|ENSG00000187583|transcript|ENST00000379409.6|protein_coding||c.-1407G>C|||||1377|	FALSE
