SMALL_VARIANT_ID	SAMPLE_ACCESSION_ID	CHROMOSOME	POSITION	VARIANT_ID	REF_ALLELE	ALT_ALLELE	VARIANT_TYPE	GENOME_BUILD	QUAL	FILTER_STATUS	GENOTYPE	REF_DEPTH	ALT_DEPTH	TOTAL_DEPTH	ALLELE_BALANCE	SOURCE_FILE	PARSED_ANNOTATIONS
1	ERR031940_S1	chr1	69270	rs201219564	A	G	SNV	GRCh38	665.06	PASS	1/1	1	27	28	0.9642857142857143	small_example.filtered_snpEff.ann.vcf	OR4F5:synonymous_variant:LOW:ENST00000641515.2:c.243A>G:p.Ser81Ser | OR4F5:synonymous_variant:LOW:ENST00000641515.2:c.243A>G:p.Ser81Ser | OR4F5:synonymous_variant:LOW:ENST00000641515.2:c.243A>G:p.Ser81Ser | OR4F5:synonymous_variant:LOW:ENST00000641515.2:c.243A>G:p.Ser81Ser | OR4F5:synonymous_variant:LOW:ENST00000641515.2:c.243A>G:p.Ser81Ser | OR4F5:synonymous_variant:LOW:ENST00000641515.2:c.243A>G:p.Ser81Ser
1	ERR031940_S1	chr1	69270	rs201219564	A	G	SNV	GRCh38	665.06	PASS	1/1	1	27	28	0.9642857142857143	small_example.filtered_snpEff.ann.vcf	OR4F5:synonymous_variant:LOW:ENST00000641515.2:c.243A>G:p.Ser81Ser | OR4F5:synonymous_variant:LOW:ENST00000641515.2:c.243A>G:p.Ser81Ser | OR4F5:synonymous_variant:LOW:ENST00000641515.2:c.243A>G:p.Ser81Ser | OR4F5:synonymous_variant:LOW:ENST00000641515.2:c.243A>G:p.Ser81Ser | OR4F5:synonymous_variant:LOW:ENST00000641515.2:c.243A>G:p.Ser81Ser | OR4F5:synonymous_variant:LOW:ENST00000641515.2:c.243A>G:p.Ser81Ser
1	ERR031940_S1	chr1	69270	rs201219564	A	G	SNV	GRCh38	665.06	PASS	1/1	1	27	28	0.9642857142857143	small_example.filtered_snpEff.ann.vcf	OR4F5:synonymous_variant:LOW:ENST00000641515.2:c.243A>G:p.Ser81Ser | OR4F5:synonymous_variant:LOW:ENST00000641515.2:c.243A>G:p.Ser81Ser | OR4F5:synonymous_variant:LOW:ENST00000641515.2:c.243A>G:p.Ser81Ser | OR4F5:synonymous_variant:LOW:ENST00000641515.2:c.243A>G:p.Ser81Ser | OR4F5:synonymous_variant:LOW:ENST00000641515.2:c.243A>G:p.Ser81Ser | OR4F5:synonymous_variant:LOW:ENST00000641515.2:c.243A>G:p.Ser81Ser
1	ERR031940_S1	chr1	69270	rs201219564	A	G	SNV	GRCh38	665.06	PASS	1/1	1	27	28	0.9642857142857143	small_example.filtered_snpEff.ann.vcf	OR4F5:synonymous_variant:LOW:ENST00000641515.2:c.243A>G:p.Ser81Ser | OR4F5:synonymous_variant:LOW:ENST00000641515.2:c.243A>G:p.Ser81Ser | OR4F5:synonymous_variant:LOW:ENST00000641515.2:c.243A>G:p.Ser81Ser | OR4F5:synonymous_variant:LOW:ENST00000641515.2:c.243A>G:p.Ser81Ser | OR4F5:synonymous_variant:LOW:ENST00000641515.2:c.243A>G:p.Ser81Ser | OR4F5:synonymous_variant:LOW:ENST00000641515.2:c.243A>G:p.Ser81Ser
1	ERR031940_S1	chr1	69270	rs201219564	A	G	SNV	GRCh38	665.06	PASS	1/1	1	27	28	0.9642857142857143	small_example.filtered_snpEff.ann.vcf	OR4F5:synonymous_variant:LOW:ENST00000641515.2:c.243A>G:p.Ser81Ser | OR4F5:synonymous_variant:LOW:ENST00000641515.2:c.243A>G:p.Ser81Ser | OR4F5:synonymous_variant:LOW:ENST00000641515.2:c.243A>G:p.Ser81Ser | OR4F5:synonymous_variant:LOW:ENST00000641515.2:c.243A>G:p.Ser81Ser | OR4F5:synonymous_variant:LOW:ENST00000641515.2:c.243A>G:p.Ser81Ser | OR4F5:synonymous_variant:LOW:ENST00000641515.2:c.243A>G:p.Ser81Ser
1	ERR031940_S1	chr1	69270	rs201219564	A	G	SNV	GRCh38	665.06	PASS	1/1	1	27	28	0.9642857142857143	small_example.filtered_snpEff.ann.vcf	OR4F5:synonymous_variant:LOW:ENST00000641515.2:c.243A>G:p.Ser81Ser | OR4F5:synonymous_variant:LOW:ENST00000641515.2:c.243A>G:p.Ser81Ser | OR4F5:synonymous_variant:LOW:ENST00000641515.2:c.243A>G:p.Ser81Ser | OR4F5:synonymous_variant:LOW:ENST00000641515.2:c.243A>G:p.Ser81Ser | OR4F5:synonymous_variant:LOW:ENST00000641515.2:c.243A>G:p.Ser81Ser | OR4F5:synonymous_variant:LOW:ENST00000641515.2:c.243A>G:p.Ser81Ser
2	ERR031940_S1	chr1	69511	rs2691305	A	G	SNV	GRCh38	1195.06	PASS	1/1	0	44	44	1.0	small_example.filtered_snpEff.ann.vcf	OR4F5:missense_variant:MODERATE:ENST00000641515.2:c.484A>G:p.Thr162Ala | OR4F5:missense_variant:MODERATE:ENST00000641515.2:c.484A>G:p.Thr162Ala | OR4F5:missense_variant:MODERATE:ENST00000641515.2:c.484A>G:p.Thr162Ala | OR4F5:missense_variant:MODERATE:ENST00000641515.2:c.484A>G:p.Thr162Ala | OR4F5:missense_variant:MODERATE:ENST00000641515.2:c.484A>G:p.Thr162Ala | OR4F5:missense_variant:MODERATE:ENST00000641515.2:c.484A>G:p.Thr162Ala
2	ERR031940_S1	chr1	69511	rs2691305	A	G	SNV	GRCh38	1195.06	PASS	1/1	0	44	44	1.0	small_example.filtered_snpEff.ann.vcf	OR4F5:missense_variant:MODERATE:ENST00000641515.2:c.484A>G:p.Thr162Ala | OR4F5:missense_variant:MODERATE:ENST00000641515.2:c.484A>G:p.Thr162Ala | OR4F5:missense_variant:MODERATE:ENST00000641515.2:c.484A>G:p.Thr162Ala | OR4F5:missense_variant:MODERATE:ENST00000641515.2:c.484A>G:p.Thr162Ala | OR4F5:missense_variant:MODERATE:ENST00000641515.2:c.484A>G:p.Thr162Ala | OR4F5:missense_variant:MODERATE:ENST00000641515.2:c.484A>G:p.Thr162Ala
2	ERR031940_S1	chr1	69511	rs2691305	A	G	SNV	GRCh38	1195.06	PASS	1/1	0	44	44	1.0	small_example.filtered_snpEff.ann.vcf	OR4F5:missense_variant:MODERATE:ENST00000641515.2:c.484A>G:p.Thr162Ala | OR4F5:missense_variant:MODERATE:ENST00000641515.2:c.484A>G:p.Thr162Ala | OR4F5:missense_variant:MODERATE:ENST00000641515.2:c.484A>G:p.Thr162Ala | OR4F5:missense_variant:MODERATE:ENST00000641515.2:c.484A>G:p.Thr162Ala | OR4F5:missense_variant:MODERATE:ENST00000641515.2:c.484A>G:p.Thr162Ala | OR4F5:missense_variant:MODERATE:ENST00000641515.2:c.484A>G:p.Thr162Ala
2	ERR031940_S1	chr1	69511	rs2691305	A	G	SNV	GRCh38	1195.06	PASS	1/1	0	44	44	1.0	small_example.filtered_snpEff.ann.vcf	OR4F5:missense_variant:MODERATE:ENST00000641515.2:c.484A>G:p.Thr162Ala | OR4F5:missense_variant:MODERATE:ENST00000641515.2:c.484A>G:p.Thr162Ala | OR4F5:missense_variant:MODERATE:ENST00000641515.2:c.484A>G:p.Thr162Ala | OR4F5:missense_variant:MODERATE:ENST00000641515.2:c.484A>G:p.Thr162Ala | OR4F5:missense_variant:MODERATE:ENST00000641515.2:c.484A>G:p.Thr162Ala | OR4F5:missense_variant:MODERATE:ENST00000641515.2:c.484A>G:p.Thr162Ala
2	ERR031940_S1	chr1	69511	rs2691305	A	G	SNV	GRCh38	1195.06	PASS	1/1	0	44	44	1.0	small_example.filtered_snpEff.ann.vcf	OR4F5:missense_variant:MODERATE:ENST00000641515.2:c.484A>G:p.Thr162Ala | OR4F5:missense_variant:MODERATE:ENST00000641515.2:c.484A>G:p.Thr162Ala | OR4F5:missense_variant:MODERATE:ENST00000641515.2:c.484A>G:p.Thr162Ala | OR4F5:missense_variant:MODERATE:ENST00000641515.2:c.484A>G:p.Thr162Ala | OR4F5:missense_variant:MODERATE:ENST00000641515.2:c.484A>G:p.Thr162Ala | OR4F5:missense_variant:MODERATE:ENST00000641515.2:c.484A>G:p.Thr162Ala
2	ERR031940_S1	chr1	69511	rs2691305	A	G	SNV	GRCh38	1195.06	PASS	1/1	0	44	44	1.0	small_example.filtered_snpEff.ann.vcf	OR4F5:missense_variant:MODERATE:ENST00000641515.2:c.484A>G:p.Thr162Ala | OR4F5:missense_variant:MODERATE:ENST00000641515.2:c.484A>G:p.Thr162Ala | OR4F5:missense_variant:MODERATE:ENST00000641515.2:c.484A>G:p.Thr162Ala | OR4F5:missense_variant:MODERATE:ENST00000641515.2:c.484A>G:p.Thr162Ala | OR4F5:missense_variant:MODERATE:ENST00000641515.2:c.484A>G:p.Thr162Ala | OR4F5:missense_variant:MODERATE:ENST00000641515.2:c.484A>G:p.Thr162Ala
3	ERR031940_S1	chr1	69761	rs200505207	A	T	SNV	GRCh38	865.96	PASS	1/1	3	30	33	0.9090909090909091	small_example.filtered_snpEff.ann.vcf	OR4F5:missense_variant:MODERATE:ENST00000641515.2:c.734A>T:p.Asp245Val | OR4F5:missense_variant:MODERATE:ENST00000641515.2:c.734A>T:p.Asp245Val | OR4F5:missense_variant:MODERATE:ENST00000641515.2:c.734A>T:p.Asp245Val | OR4F5:missense_variant:MODERATE:ENST00000641515.2:c.734A>T:p.Asp245Val | OR4F5:missense_variant:MODERATE:ENST00000641515.2:c.734A>T:p.Asp245Val | OR4F5:missense_variant:MODERATE:ENST00000641515.2:c.734A>T:p.Asp245Val
3	ERR031940_S1	chr1	69761	rs200505207	A	T	SNV	GRCh38	865.96	PASS	1/1	3	30	33	0.9090909090909091	small_example.filtered_snpEff.ann.vcf	OR4F5:missense_variant:MODERATE:ENST00000641515.2:c.734A>T:p.Asp245Val | OR4F5:missense_variant:MODERATE:ENST00000641515.2:c.734A>T:p.Asp245Val | OR4F5:missense_variant:MODERATE:ENST00000641515.2:c.734A>T:p.Asp245Val | OR4F5:missense_variant:MODERATE:ENST00000641515.2:c.734A>T:p.Asp245Val | OR4F5:missense_variant:MODERATE:ENST00000641515.2:c.734A>T:p.Asp245Val | OR4F5:missense_variant:MODERATE:ENST00000641515.2:c.734A>T:p.Asp245Val
3	ERR031940_S1	chr1	69761	rs200505207	A	T	SNV	GRCh38	865.96	PASS	1/1	3	30	33	0.9090909090909091	small_example.filtered_snpEff.ann.vcf	OR4F5:missense_variant:MODERATE:ENST00000641515.2:c.734A>T:p.Asp245Val | OR4F5:missense_variant:MODERATE:ENST00000641515.2:c.734A>T:p.Asp245Val | OR4F5:missense_variant:MODERATE:ENST00000641515.2:c.734A>T:p.Asp245Val | OR4F5:missense_variant:MODERATE:ENST00000641515.2:c.734A>T:p.Asp245Val | OR4F5:missense_variant:MODERATE:ENST00000641515.2:c.734A>T:p.Asp245Val | OR4F5:missense_variant:MODERATE:ENST00000641515.2:c.734A>T:p.Asp245Val
3	ERR031940_S1	chr1	69761	rs200505207	A	T	SNV	GRCh38	865.96	PASS	1/1	3	30	33	0.9090909090909091	small_example.filtered_snpEff.ann.vcf	OR4F5:missense_variant:MODERATE:ENST00000641515.2:c.734A>T:p.Asp245Val | OR4F5:missense_variant:MODERATE:ENST00000641515.2:c.734A>T:p.Asp245Val | OR4F5:missense_variant:MODERATE:ENST00000641515.2:c.734A>T:p.Asp245Val | OR4F5:missense_variant:MODERATE:ENST00000641515.2:c.734A>T:p.Asp245Val | OR4F5:missense_variant:MODERATE:ENST00000641515.2:c.734A>T:p.Asp245Val | OR4F5:missense_variant:MODERATE:ENST00000641515.2:c.734A>T:p.Asp245Val
3	ERR031940_S1	chr1	69761	rs200505207	A	T	SNV	GRCh38	865.96	PASS	1/1	3	30	33	0.9090909090909091	small_example.filtered_snpEff.ann.vcf	OR4F5:missense_variant:MODERATE:ENST00000641515.2:c.734A>T:p.Asp245Val | OR4F5:missense_variant:MODERATE:ENST00000641515.2:c.734A>T:p.Asp245Val | OR4F5:missense_variant:MODERATE:ENST00000641515.2:c.734A>T:p.Asp245Val | OR4F5:missense_variant:MODERATE:ENST00000641515.2:c.734A>T:p.Asp245Val | OR4F5:missense_variant:MODERATE:ENST00000641515.2:c.734A>T:p.Asp245Val | OR4F5:missense_variant:MODERATE:ENST00000641515.2:c.734A>T:p.Asp245Val
3	ERR031940_S1	chr1	69761	rs200505207	A	T	SNV	GRCh38	865.96	PASS	1/1	3	30	33	0.9090909090909091	small_example.filtered_snpEff.ann.vcf	OR4F5:missense_variant:MODERATE:ENST00000641515.2:c.734A>T:p.Asp245Val | OR4F5:missense_variant:MODERATE:ENST00000641515.2:c.734A>T:p.Asp245Val | OR4F5:missense_variant:MODERATE:ENST00000641515.2:c.734A>T:p.Asp245Val | OR4F5:missense_variant:MODERATE:ENST00000641515.2:c.734A>T:p.Asp245Val | OR4F5:missense_variant:MODERATE:ENST00000641515.2:c.734A>T:p.Asp245Val | OR4F5:missense_variant:MODERATE:ENST00000641515.2:c.734A>T:p.Asp245Val
4	ERR031940_S1	chr1	69897	rs200676709	T	C	SNV	GRCh38	180.02	PASS	1/1	0	7	7	1.0	small_example.filtered_snpEff.ann.vcf	OR4F5:synonymous_variant:LOW:ENST00000641515.2:c.870T>C:p.Ser290Ser | OR4F5:synonymous_variant:LOW:ENST00000641515.2:c.870T>C:p.Ser290Ser | OR4F5:synonymous_variant:LOW:ENST00000641515.2:c.870T>C:p.Ser290Ser | OR4F5:synonymous_variant:LOW:ENST00000641515.2:c.870T>C:p.Ser290Ser | OR4F5:synonymous_variant:LOW:ENST00000641515.2:c.870T>C:p.Ser290Ser | OR4F5:synonymous_variant:LOW:ENST00000641515.2:c.870T>C:p.Ser290Ser
4	ERR031940_S1	chr1	69897	rs200676709	T	C	SNV	GRCh38	180.02	PASS	1/1	0	7	7	1.0	small_example.filtered_snpEff.ann.vcf	OR4F5:synonymous_variant:LOW:ENST00000641515.2:c.870T>C:p.Ser290Ser | OR4F5:synonymous_variant:LOW:ENST00000641515.2:c.870T>C:p.Ser290Ser | OR4F5:synonymous_variant:LOW:ENST00000641515.2:c.870T>C:p.Ser290Ser | OR4F5:synonymous_variant:LOW:ENST00000641515.2:c.870T>C:p.Ser290Ser | OR4F5:synonymous_variant:LOW:ENST00000641515.2:c.870T>C:p.Ser290Ser | OR4F5:synonymous_variant:LOW:ENST00000641515.2:c.870T>C:p.Ser290Ser
4	ERR031940_S1	chr1	69897	rs200676709	T	C	SNV	GRCh38	180.02	PASS	1/1	0	7	7	1.0	small_example.filtered_snpEff.ann.vcf	OR4F5:synonymous_variant:LOW:ENST00000641515.2:c.870T>C:p.Ser290Ser | OR4F5:synonymous_variant:LOW:ENST00000641515.2:c.870T>C:p.Ser290Ser | OR4F5:synonymous_variant:LOW:ENST00000641515.2:c.870T>C:p.Ser290Ser | OR4F5:synonymous_variant:LOW:ENST00000641515.2:c.870T>C:p.Ser290Ser | OR4F5:synonymous_variant:LOW:ENST00000641515.2:c.870T>C:p.Ser290Ser | OR4F5:synonymous_variant:LOW:ENST00000641515.2:c.870T>C:p.Ser290Ser
4	ERR031940_S1	chr1	69897	rs200676709	T	C	SNV	GRCh38	180.02	PASS	1/1	0	7	7	1.0	small_example.filtered_snpEff.ann.vcf	OR4F5:synonymous_variant:LOW:ENST00000641515.2:c.870T>C:p.Ser290Ser | OR4F5:synonymous_variant:LOW:ENST00000641515.2:c.870T>C:p.Ser290Ser | OR4F5:synonymous_variant:LOW:ENST00000641515.2:c.870T>C:p.Ser290Ser | OR4F5:synonymous_variant:LOW:ENST00000641515.2:c.870T>C:p.Ser290Ser | OR4F5:synonymous_variant:LOW:ENST00000641515.2:c.870T>C:p.Ser290Ser | OR4F5:synonymous_variant:LOW:ENST00000641515.2:c.870T>C:p.Ser290Ser
4	ERR031940_S1	chr1	69897	rs200676709	T	C	SNV	GRCh38	180.02	PASS	1/1	0	7	7	1.0	small_example.filtered_snpEff.ann.vcf	OR4F5:synonymous_variant:LOW:ENST00000641515.2:c.870T>C:p.Ser290Ser | OR4F5:synonymous_variant:LOW:ENST00000641515.2:c.870T>C:p.Ser290Ser | OR4F5:synonymous_variant:LOW:ENST00000641515.2:c.870T>C:p.Ser290Ser | OR4F5:synonymous_variant:LOW:ENST00000641515.2:c.870T>C:p.Ser290Ser | OR4F5:synonymous_variant:LOW:ENST00000641515.2:c.870T>C:p.Ser290Ser | OR4F5:synonymous_variant:LOW:ENST00000641515.2:c.870T>C:p.Ser290Ser
4	ERR031940_S1	chr1	69897	rs200676709	T	C	SNV	GRCh38	180.02	PASS	1/1	0	7	7	1.0	small_example.filtered_snpEff.ann.vcf	OR4F5:synonymous_variant:LOW:ENST00000641515.2:c.870T>C:p.Ser290Ser | OR4F5:synonymous_variant:LOW:ENST00000641515.2:c.870T>C:p.Ser290Ser | OR4F5:synonymous_variant:LOW:ENST00000641515.2:c.870T>C:p.Ser290Ser | OR4F5:synonymous_variant:LOW:ENST00000641515.2:c.870T>C:p.Ser290Ser | OR4F5:synonymous_variant:LOW:ENST00000641515.2:c.870T>C:p.Ser290Ser | OR4F5:synonymous_variant:LOW:ENST00000641515.2:c.870T>C:p.Ser290Ser
18	ERR031940_S1	chr1	104206	rsTEST000003	TACGT	T	DELETION	GRCh38	132.11	PASS	0/1	25	14	39	0.358974358974359	synthetic_snv_indel_100.vcf	CFTR:frameshift_variant:HIGH:ENST00000003084.11:c.109_113del:p.Glu33fs
42	ERR031940_S1	chr1	137348	rsTEST000027	TACGT	T	DELETION	GRCh38	548.99	PASS	0/1	22	15	37	0.40540540540540543	synthetic_snv_indel_100.vcf	DMD:frameshift_variant:HIGH:ENST00000357033.9:c.181_185del:p.Glu57fs
66	ERR031940_S1	chr1	170490	rsTEST000051	TACGT	T	DELETION	GRCh38	965.87	PASS	0/1	23	12	35	0.34285714285714286	synthetic_snv_indel_100.vcf	COL1A1:frameshift_variant:HIGH:ENST00000225964.10:c.253_257del:p.Glu81fs
90	ERR031940_S1	chr1	203632	rsTEST000075	TACGT	T	DELETION	GRCh38	1382.75	PASS	1/1	0	33	33	1.0	synthetic_snv_indel_100.vcf	PARK2:frameshift_variant:HIGH:ENST00000366898.5:c.325_329del:p.Glu105fs
114	ERR031940_S1	chr1	236521	rsTEST000099	TACGT	T	DELETION	GRCh38	349.63	PASS	0/1	20	11	31	0.3548387096774194	synthetic_snv_indel_100.vcf	ALK:frameshift_variant:HIGH:ENST00000389048.8:c.397_401del:p.Glu129fs
5	ERR031940_S1	chr1	941119	rs4372192	A	G	SNV	GRCh38	59.3	PASS	1/1	0	4	4	1.0	small_example.filtered_snpEff.ann.vcf	NOC2L:downstream_gene_variant:MODIFIER:ENST00000327044.7:c.*3575T>C: | SAMD11:intron_variant:MODIFIER:ENST00000618323.5:c.1199-25A>G: | NOC2L:downstream_gene_variant:MODIFIER:ENST00000327044.7:c.*3575T>C: | SAMD11:intron_variant:MODIFIER:ENST00000618323.5:c.1199-25A>G: | NOC2L:downstream_gene_variant:MODIFIER:ENST00000327044.7:c.*3575T>C: | SAMD11:intron_variant:MODIFIER:ENST00000618323.5:c.1199-25A>G: | NOC2L:downstream_gene_variant:MODIFIER:ENST00000327044.7:c.*3575T>C: | SAMD11:intron_variant:MODIFIER:ENST00000618323.5:c.1199-25A>G: | NOC2L:downstream_gene_variant:MODIFIER:ENST00000327044.7:c.*3575T>C: | SAMD11:intron_variant:MODIFIER:ENST00000618323.5:c.1199-25A>G: | NOC2L:downstream_gene_variant:MODIFIER:ENST00000327044.7:c.*3575T>C: | SAMD11:intron_variant:MODIFIER:ENST00000618323.5:c.1199-25A>G:
5	ERR031940_S1	chr1	941119	rs4372192	A	G	SNV	GRCh38	59.3	PASS	1/1	0	4	4	1.0	small_example.filtered_snpEff.ann.vcf	NOC2L:downstream_gene_variant:MODIFIER:ENST00000327044.7:c.*3575T>C: | SAMD11:intron_variant:MODIFIER:ENST00000618323.5:c.1199-25A>G: | NOC2L:downstream_gene_variant:MODIFIER:ENST00000327044.7:c.*3575T>C: | SAMD11:intron_variant:MODIFIER:ENST00000618323.5:c.1199-25A>G: | NOC2L:downstream_gene_variant:MODIFIER:ENST00000327044.7:c.*3575T>C: | SAMD11:intron_variant:MODIFIER:ENST00000618323.5:c.1199-25A>G: | NOC2L:downstream_gene_variant:MODIFIER:ENST00000327044.7:c.*3575T>C: | SAMD11:intron_variant:MODIFIER:ENST00000618323.5:c.1199-25A>G: | NOC2L:downstream_gene_variant:MODIFIER:ENST00000327044.7:c.*3575T>C: | SAMD11:intron_variant:MODIFIER:ENST00000618323.5:c.1199-25A>G: | NOC2L:downstream_gene_variant:MODIFIER:ENST00000327044.7:c.*3575T>C: | SAMD11:intron_variant:MODIFIER:ENST00000618323.5:c.1199-25A>G:
5	ERR031940_S1	chr1	941119	rs4372192	A	G	SNV	GRCh38	59.3	PASS	1/1	0	4	4	1.0	small_example.filtered_snpEff.ann.vcf	NOC2L:downstream_gene_variant:MODIFIER:ENST00000327044.7:c.*3575T>C: | SAMD11:intron_variant:MODIFIER:ENST00000618323.5:c.1199-25A>G: | NOC2L:downstream_gene_variant:MODIFIER:ENST00000327044.7:c.*3575T>C: | SAMD11:intron_variant:MODIFIER:ENST00000618323.5:c.1199-25A>G: | NOC2L:downstream_gene_variant:MODIFIER:ENST00000327044.7:c.*3575T>C: | SAMD11:intron_variant:MODIFIER:ENST00000618323.5:c.1199-25A>G: | NOC2L:downstream_gene_variant:MODIFIER:ENST00000327044.7:c.*3575T>C: | SAMD11:intron_variant:MODIFIER:ENST00000618323.5:c.1199-25A>G: | NOC2L:downstream_gene_variant:MODIFIER:ENST00000327044.7:c.*3575T>C: | SAMD11:intron_variant:MODIFIER:ENST00000618323.5:c.1199-25A>G: | NOC2L:downstream_gene_variant:MODIFIER:ENST00000327044.7:c.*3575T>C: | SAMD11:intron_variant:MODIFIER:ENST00000618323.5:c.1199-25A>G:
5	ERR031940_S1	chr1	941119	rs4372192	A	G	SNV	GRCh38	59.3	PASS	1/1	0	4	4	1.0	small_example.filtered_snpEff.ann.vcf	NOC2L:downstream_gene_variant:MODIFIER:ENST00000327044.7:c.*3575T>C: | SAMD11:intron_variant:MODIFIER:ENST00000618323.5:c.1199-25A>G: | NOC2L:downstream_gene_variant:MODIFIER:ENST00000327044.7:c.*3575T>C: | SAMD11:intron_variant:MODIFIER:ENST00000618323.5:c.1199-25A>G: | NOC2L:downstream_gene_variant:MODIFIER:ENST00000327044.7:c.*3575T>C: | SAMD11:intron_variant:MODIFIER:ENST00000618323.5:c.1199-25A>G: | NOC2L:downstream_gene_variant:MODIFIER:ENST00000327044.7:c.*3575T>C: | SAMD11:intron_variant:MODIFIER:ENST00000618323.5:c.1199-25A>G: | NOC2L:downstream_gene_variant:MODIFIER:ENST00000327044.7:c.*3575T>C: | SAMD11:intron_variant:MODIFIER:ENST00000618323.5:c.1199-25A>G: | NOC2L:downstream_gene_variant:MODIFIER:ENST00000327044.7:c.*3575T>C: | SAMD11:intron_variant:MODIFIER:ENST00000618323.5:c.1199-25A>G:
5	ERR031940_S1	chr1	941119	rs4372192	A	G	SNV	GRCh38	59.3	PASS	1/1	0	4	4	1.0	small_example.filtered_snpEff.ann.vcf	NOC2L:downstream_gene_variant:MODIFIER:ENST00000327044.7:c.*3575T>C: | SAMD11:intron_variant:MODIFIER:ENST00000618323.5:c.1199-25A>G: | NOC2L:downstream_gene_variant:MODIFIER:ENST00000327044.7:c.*3575T>C: | SAMD11:intron_variant:MODIFIER:ENST00000618323.5:c.1199-25A>G: | NOC2L:downstream_gene_variant:MODIFIER:ENST00000327044.7:c.*3575T>C: | SAMD11:intron_variant:MODIFIER:ENST00000618323.5:c.1199-25A>G: | NOC2L:downstream_gene_variant:MODIFIER:ENST00000327044.7:c.*3575T>C: | SAMD11:intron_variant:MODIFIER:ENST00000618323.5:c.1199-25A>G: | NOC2L:downstream_gene_variant:MODIFIER:ENST00000327044.7:c.*3575T>C: | SAMD11:intron_variant:MODIFIER:ENST00000618323.5:c.1199-25A>G: | NOC2L:downstream_gene_variant:MODIFIER:ENST00000327044.7:c.*3575T>C: | SAMD11:intron_variant:MODIFIER:ENST00000618323.5:c.1199-25A>G:
5	ERR031940_S1	chr1	941119	rs4372192	A	G	SNV	GRCh38	59.3	PASS	1/1	0	4	4	1.0	small_example.filtered_snpEff.ann.vcf	NOC2L:downstream_gene_variant:MODIFIER:ENST00000327044.7:c.*3575T>C: | SAMD11:intron_variant:MODIFIER:ENST00000618323.5:c.1199-25A>G: | NOC2L:downstream_gene_variant:MODIFIER:ENST00000327044.7:c.*3575T>C: | SAMD11:intron_variant:MODIFIER:ENST00000618323.5:c.1199-25A>G: | NOC2L:downstream_gene_variant:MODIFIER:ENST00000327044.7:c.*3575T>C: | SAMD11:intron_variant:MODIFIER:ENST00000618323.5:c.1199-25A>G: | NOC2L:downstream_gene_variant:MODIFIER:ENST00000327044.7:c.*3575T>C: | SAMD11:intron_variant:MODIFIER:ENST00000618323.5:c.1199-25A>G: | NOC2L:downstream_gene_variant:MODIFIER:ENST00000327044.7:c.*3575T>C: | SAMD11:intron_variant:MODIFIER:ENST00000618323.5:c.1199-25A>G: | NOC2L:downstream_gene_variant:MODIFIER:ENST00000327044.7:c.*3575T>C: | SAMD11:intron_variant:MODIFIER:ENST00000618323.5:c.1199-25A>G:
6	ERR031940_S1	chr1	946247	rs2272757	G	A	SNV	GRCh38	395.64	PASS	0/1	24	13	37	0.35135135135135137	small_example.filtered_snpEff.ann.vcf	NOC2L:synonymous_variant:LOW:ENST00000327044.7:c.1843C>T:p.Leu615Leu | SAMD11:downstream_gene_variant:MODIFIER:ENST00000618323.5:c.*2094G>A: | NOC2L:synonymous_variant:LOW:ENST00000327044.7:c.1843C>T:p.Leu615Leu | SAMD11:downstream_gene_variant:MODIFIER:ENST00000618323.5:c.*2094G>A: | NOC2L:synonymous_variant:LOW:ENST00000327044.7:c.1843C>T:p.Leu615Leu | SAMD11:downstream_gene_variant:MODIFIER:ENST00000618323.5:c.*2094G>A: | NOC2L:synonymous_variant:LOW:ENST00000327044.7:c.1843C>T:p.Leu615Leu | SAMD11:downstream_gene_variant:MODIFIER:ENST00000618323.5:c.*2094G>A: | NOC2L:synonymous_variant:LOW:ENST00000327044.7:c.1843C>T:p.Leu615Leu | SAMD11:downstream_gene_variant:MODIFIER:ENST00000618323.5:c.*2094G>A: | NOC2L:synonymous_variant:LOW:ENST00000327044.7:c.1843C>T:p.Leu615Leu | SAMD11:downstream_gene_variant:MODIFIER:ENST00000618323.5:c.*2094G>A:
6	ERR031940_S1	chr1	946247	rs2272757	G	A	SNV	GRCh38	395.64	PASS	0/1	24	13	37	0.35135135135135137	small_example.filtered_snpEff.ann.vcf	NOC2L:synonymous_variant:LOW:ENST00000327044.7:c.1843C>T:p.Leu615Leu | SAMD11:downstream_gene_variant:MODIFIER:ENST00000618323.5:c.*2094G>A: | NOC2L:synonymous_variant:LOW:ENST00000327044.7:c.1843C>T:p.Leu615Leu | SAMD11:downstream_gene_variant:MODIFIER:ENST00000618323.5:c.*2094G>A: | NOC2L:synonymous_variant:LOW:ENST00000327044.7:c.1843C>T:p.Leu615Leu | SAMD11:downstream_gene_variant:MODIFIER:ENST00000618323.5:c.*2094G>A: | NOC2L:synonymous_variant:LOW:ENST00000327044.7:c.1843C>T:p.Leu615Leu | SAMD11:downstream_gene_variant:MODIFIER:ENST00000618323.5:c.*2094G>A: | NOC2L:synonymous_variant:LOW:ENST00000327044.7:c.1843C>T:p.Leu615Leu | SAMD11:downstream_gene_variant:MODIFIER:ENST00000618323.5:c.*2094G>A: | NOC2L:synonymous_variant:LOW:ENST00000327044.7:c.1843C>T:p.Leu615Leu | SAMD11:downstream_gene_variant:MODIFIER:ENST00000618323.5:c.*2094G>A:
6	ERR031940_S1	chr1	946247	rs2272757	G	A	SNV	GRCh38	395.64	PASS	0/1	24	13	37	0.35135135135135137	small_example.filtered_snpEff.ann.vcf	NOC2L:synonymous_variant:LOW:ENST00000327044.7:c.1843C>T:p.Leu615Leu | SAMD11:downstream_gene_variant:MODIFIER:ENST00000618323.5:c.*2094G>A: | NOC2L:synonymous_variant:LOW:ENST00000327044.7:c.1843C>T:p.Leu615Leu | SAMD11:downstream_gene_variant:MODIFIER:ENST00000618323.5:c.*2094G>A: | NOC2L:synonymous_variant:LOW:ENST00000327044.7:c.1843C>T:p.Leu615Leu | SAMD11:downstream_gene_variant:MODIFIER:ENST00000618323.5:c.*2094G>A: | NOC2L:synonymous_variant:LOW:ENST00000327044.7:c.1843C>T:p.Leu615Leu | SAMD11:downstream_gene_variant:MODIFIER:ENST00000618323.5:c.*2094G>A: | NOC2L:synonymous_variant:LOW:ENST00000327044.7:c.1843C>T:p.Leu615Leu | SAMD11:downstream_gene_variant:MODIFIER:ENST00000618323.5:c.*2094G>A: | NOC2L:synonymous_variant:LOW:ENST00000327044.7:c.1843C>T:p.Leu615Leu | SAMD11:downstream_gene_variant:MODIFIER:ENST00000618323.5:c.*2094G>A:
6	ERR031940_S1	chr1	946247	rs2272757	G	A	SNV	GRCh38	395.64	PASS	0/1	24	13	37	0.35135135135135137	small_example.filtered_snpEff.ann.vcf	NOC2L:synonymous_variant:LOW:ENST00000327044.7:c.1843C>T:p.Leu615Leu | SAMD11:downstream_gene_variant:MODIFIER:ENST00000618323.5:c.*2094G>A: | NOC2L:synonymous_variant:LOW:ENST00000327044.7:c.1843C>T:p.Leu615Leu | SAMD11:downstream_gene_variant:MODIFIER:ENST00000618323.5:c.*2094G>A: | NOC2L:synonymous_variant:LOW:ENST00000327044.7:c.1843C>T:p.Leu615Leu | SAMD11:downstream_gene_variant:MODIFIER:ENST00000618323.5:c.*2094G>A: | NOC2L:synonymous_variant:LOW:ENST00000327044.7:c.1843C>T:p.Leu615Leu | SAMD11:downstream_gene_variant:MODIFIER:ENST00000618323.5:c.*2094G>A: | NOC2L:synonymous_variant:LOW:ENST00000327044.7:c.1843C>T:p.Leu615Leu | SAMD11:downstream_gene_variant:MODIFIER:ENST00000618323.5:c.*2094G>A: | NOC2L:synonymous_variant:LOW:ENST00000327044.7:c.1843C>T:p.Leu615Leu | SAMD11:downstream_gene_variant:MODIFIER:ENST00000618323.5:c.*2094G>A:
6	ERR031940_S1	chr1	946247	rs2272757	G	A	SNV	GRCh38	395.64	PASS	0/1	24	13	37	0.35135135135135137	small_example.filtered_snpEff.ann.vcf	NOC2L:synonymous_variant:LOW:ENST00000327044.7:c.1843C>T:p.Leu615Leu | SAMD11:downstream_gene_variant:MODIFIER:ENST00000618323.5:c.*2094G>A: | NOC2L:synonymous_variant:LOW:ENST00000327044.7:c.1843C>T:p.Leu615Leu | SAMD11:downstream_gene_variant:MODIFIER:ENST00000618323.5:c.*2094G>A: | NOC2L:synonymous_variant:LOW:ENST00000327044.7:c.1843C>T:p.Leu615Leu | SAMD11:downstream_gene_variant:MODIFIER:ENST00000618323.5:c.*2094G>A: | NOC2L:synonymous_variant:LOW:ENST00000327044.7:c.1843C>T:p.Leu615Leu | SAMD11:downstream_gene_variant:MODIFIER:ENST00000618323.5:c.*2094G>A: | NOC2L:synonymous_variant:LOW:ENST00000327044.7:c.1843C>T:p.Leu615Leu | SAMD11:downstream_gene_variant:MODIFIER:ENST00000618323.5:c.*2094G>A: | NOC2L:synonymous_variant:LOW:ENST00000327044.7:c.1843C>T:p.Leu615Leu | SAMD11:downstream_gene_variant:MODIFIER:ENST00000618323.5:c.*2094G>A:
6	ERR031940_S1	chr1	946247	rs2272757	G	A	SNV	GRCh38	395.64	PASS	0/1	24	13	37	0.35135135135135137	small_example.filtered_snpEff.ann.vcf	NOC2L:synonymous_variant:LOW:ENST00000327044.7:c.1843C>T:p.Leu615Leu | SAMD11:downstream_gene_variant:MODIFIER:ENST00000618323.5:c.*2094G>A: | NOC2L:synonymous_variant:LOW:ENST00000327044.7:c.1843C>T:p.Leu615Leu | SAMD11:downstream_gene_variant:MODIFIER:ENST00000618323.5:c.*2094G>A: | NOC2L:synonymous_variant:LOW:ENST00000327044.7:c.1843C>T:p.Leu615Leu | SAMD11:downstream_gene_variant:MODIFIER:ENST00000618323.5:c.*2094G>A: | NOC2L:synonymous_variant:LOW:ENST00000327044.7:c.1843C>T:p.Leu615Leu | SAMD11:downstream_gene_variant:MODIFIER:ENST00000618323.5:c.*2094G>A: | NOC2L:synonymous_variant:LOW:ENST00000327044.7:c.1843C>T:p.Leu615Leu | SAMD11:downstream_gene_variant:MODIFIER:ENST00000618323.5:c.*2094G>A: | NOC2L:synonymous_variant:LOW:ENST00000327044.7:c.1843C>T:p.Leu615Leu | SAMD11:downstream_gene_variant:MODIFIER:ENST00000618323.5:c.*2094G>A:
7	ERR031940_S1	chr1	952180	rs3748595	A	C	SNV	GRCh38	462.06	PASS	1/1	0	12	12	1.0	small_example.filtered_snpEff.ann.vcf	NOC2L:intron_variant:MODIFIER:ENST00000327044.7:c.1192-41T>G: | NOC2L:intron_variant:MODIFIER:ENST00000327044.7:c.1192-41T>G: | NOC2L:intron_variant:MODIFIER:ENST00000327044.7:c.1192-41T>G: | NOC2L:intron_variant:MODIFIER:ENST00000327044.7:c.1192-41T>G: | NOC2L:intron_variant:MODIFIER:ENST00000327044.7:c.1192-41T>G: | NOC2L:intron_variant:MODIFIER:ENST00000327044.7:c.1192-41T>G:
7	ERR031940_S1	chr1	952180	rs3748595	A	C	SNV	GRCh38	462.06	PASS	1/1	0	12	12	1.0	small_example.filtered_snpEff.ann.vcf	NOC2L:intron_variant:MODIFIER:ENST00000327044.7:c.1192-41T>G: | NOC2L:intron_variant:MODIFIER:ENST00000327044.7:c.1192-41T>G: | NOC2L:intron_variant:MODIFIER:ENST00000327044.7:c.1192-41T>G: | NOC2L:intron_variant:MODIFIER:ENST00000327044.7:c.1192-41T>G: | NOC2L:intron_variant:MODIFIER:ENST00000327044.7:c.1192-41T>G: | NOC2L:intron_variant:MODIFIER:ENST00000327044.7:c.1192-41T>G:
7	ERR031940_S1	chr1	952180	rs3748595	A	C	SNV	GRCh38	462.06	PASS	1/1	0	12	12	1.0	small_example.filtered_snpEff.ann.vcf	NOC2L:intron_variant:MODIFIER:ENST00000327044.7:c.1192-41T>G: | NOC2L:intron_variant:MODIFIER:ENST00000327044.7:c.1192-41T>G: | NOC2L:intron_variant:MODIFIER:ENST00000327044.7:c.1192-41T>G: | NOC2L:intron_variant:MODIFIER:ENST00000327044.7:c.1192-41T>G: | NOC2L:intron_variant:MODIFIER:ENST00000327044.7:c.1192-41T>G: | NOC2L:intron_variant:MODIFIER:ENST00000327044.7:c.1192-41T>G:
7	ERR031940_S1	chr1	952180	rs3748595	A	C	SNV	GRCh38	462.06	PASS	1/1	0	12	12	1.0	small_example.filtered_snpEff.ann.vcf	NOC2L:intron_variant:MODIFIER:ENST00000327044.7:c.1192-41T>G: | NOC2L:intron_variant:MODIFIER:ENST00000327044.7:c.1192-41T>G: | NOC2L:intron_variant:MODIFIER:ENST00000327044.7:c.1192-41T>G: | NOC2L:intron_variant:MODIFIER:ENST00000327044.7:c.1192-41T>G: | NOC2L:intron_variant:MODIFIER:ENST00000327044.7:c.1192-41T>G: | NOC2L:intron_variant:MODIFIER:ENST00000327044.7:c.1192-41T>G:
7	ERR031940_S1	chr1	952180	rs3748595	A	C	SNV	GRCh38	462.06	PASS	1/1	0	12	12	1.0	small_example.filtered_snpEff.ann.vcf	NOC2L:intron_variant:MODIFIER:ENST00000327044.7:c.1192-41T>G: | NOC2L:intron_variant:MODIFIER:ENST00000327044.7:c.1192-41T>G: | NOC2L:intron_variant:MODIFIER:ENST00000327044.7:c.1192-41T>G: | NOC2L:intron_variant:MODIFIER:ENST00000327044.7:c.1192-41T>G: | NOC2L:intron_variant:MODIFIER:ENST00000327044.7:c.1192-41T>G: | NOC2L:intron_variant:MODIFIER:ENST00000327044.7:c.1192-41T>G:
7	ERR031940_S1	chr1	952180	rs3748595	A	C	SNV	GRCh38	462.06	PASS	1/1	0	12	12	1.0	small_example.filtered_snpEff.ann.vcf	NOC2L:intron_variant:MODIFIER:ENST00000327044.7:c.1192-41T>G: | NOC2L:intron_variant:MODIFIER:ENST00000327044.7:c.1192-41T>G: | NOC2L:intron_variant:MODIFIER:ENST00000327044.7:c.1192-41T>G: | NOC2L:intron_variant:MODIFIER:ENST00000327044.7:c.1192-41T>G: | NOC2L:intron_variant:MODIFIER:ENST00000327044.7:c.1192-41T>G: | NOC2L:intron_variant:MODIFIER:ENST00000327044.7:c.1192-41T>G:
8	ERR031940_S1	chr1	952421	rs3828047	A	G	SNV	GRCh38	993.06	PASS	1/1	0	30	30	1.0	small_example.filtered_snpEff.ann.vcf	NOC2L:synonymous_variant:LOW:ENST00000327044.7:c.1182T>C:p.Thr394Thr | NOC2L:synonymous_variant:LOW:ENST00000327044.7:c.1182T>C:p.Thr394Thr | NOC2L:synonymous_variant:LOW:ENST00000327044.7:c.1182T>C:p.Thr394Thr | NOC2L:synonymous_variant:LOW:ENST00000327044.7:c.1182T>C:p.Thr394Thr | NOC2L:synonymous_variant:LOW:ENST00000327044.7:c.1182T>C:p.Thr394Thr | NOC2L:synonymous_variant:LOW:ENST00000327044.7:c.1182T>C:p.Thr394Thr
8	ERR031940_S1	chr1	952421	rs3828047	A	G	SNV	GRCh38	993.06	PASS	1/1	0	30	30	1.0	small_example.filtered_snpEff.ann.vcf	NOC2L:synonymous_variant:LOW:ENST00000327044.7:c.1182T>C:p.Thr394Thr | NOC2L:synonymous_variant:LOW:ENST00000327044.7:c.1182T>C:p.Thr394Thr | NOC2L:synonymous_variant:LOW:ENST00000327044.7:c.1182T>C:p.Thr394Thr | NOC2L:synonymous_variant:LOW:ENST00000327044.7:c.1182T>C:p.Thr394Thr | NOC2L:synonymous_variant:LOW:ENST00000327044.7:c.1182T>C:p.Thr394Thr | NOC2L:synonymous_variant:LOW:ENST00000327044.7:c.1182T>C:p.Thr394Thr
8	ERR031940_S1	chr1	952421	rs3828047	A	G	SNV	GRCh38	993.06	PASS	1/1	0	30	30	1.0	small_example.filtered_snpEff.ann.vcf	NOC2L:synonymous_variant:LOW:ENST00000327044.7:c.1182T>C:p.Thr394Thr | NOC2L:synonymous_variant:LOW:ENST00000327044.7:c.1182T>C:p.Thr394Thr | NOC2L:synonymous_variant:LOW:ENST00000327044.7:c.1182T>C:p.Thr394Thr | NOC2L:synonymous_variant:LOW:ENST00000327044.7:c.1182T>C:p.Thr394Thr | NOC2L:synonymous_variant:LOW:ENST00000327044.7:c.1182T>C:p.Thr394Thr | NOC2L:synonymous_variant:LOW:ENST00000327044.7:c.1182T>C:p.Thr394Thr
8	ERR031940_S1	chr1	952421	rs3828047	A	G	SNV	GRCh38	993.06	PASS	1/1	0	30	30	1.0	small_example.filtered_snpEff.ann.vcf	NOC2L:synonymous_variant:LOW:ENST00000327044.7:c.1182T>C:p.Thr394Thr | NOC2L:synonymous_variant:LOW:ENST00000327044.7:c.1182T>C:p.Thr394Thr | NOC2L:synonymous_variant:LOW:ENST00000327044.7:c.1182T>C:p.Thr394Thr | NOC2L:synonymous_variant:LOW:ENST00000327044.7:c.1182T>C:p.Thr394Thr | NOC2L:synonymous_variant:LOW:ENST00000327044.7:c.1182T>C:p.Thr394Thr | NOC2L:synonymous_variant:LOW:ENST00000327044.7:c.1182T>C:p.Thr394Thr
8	ERR031940_S1	chr1	952421	rs3828047	A	G	SNV	GRCh38	993.06	PASS	1/1	0	30	30	1.0	small_example.filtered_snpEff.ann.vcf	NOC2L:synonymous_variant:LOW:ENST00000327044.7:c.1182T>C:p.Thr394Thr | NOC2L:synonymous_variant:LOW:ENST00000327044.7:c.1182T>C:p.Thr394Thr | NOC2L:synonymous_variant:LOW:ENST00000327044.7:c.1182T>C:p.Thr394Thr | NOC2L:synonymous_variant:LOW:ENST00000327044.7:c.1182T>C:p.Thr394Thr | NOC2L:synonymous_variant:LOW:ENST00000327044.7:c.1182T>C:p.Thr394Thr | NOC2L:synonymous_variant:LOW:ENST00000327044.7:c.1182T>C:p.Thr394Thr
8	ERR031940_S1	chr1	952421	rs3828047	A	G	SNV	GRCh38	993.06	PASS	1/1	0	30	30	1.0	small_example.filtered_snpEff.ann.vcf	NOC2L:synonymous_variant:LOW:ENST00000327044.7:c.1182T>C:p.Thr394Thr | NOC2L:synonymous_variant:LOW:ENST00000327044.7:c.1182T>C:p.Thr394Thr | NOC2L:synonymous_variant:LOW:ENST00000327044.7:c.1182T>C:p.Thr394Thr | NOC2L:synonymous_variant:LOW:ENST00000327044.7:c.1182T>C:p.Thr394Thr | NOC2L:synonymous_variant:LOW:ENST00000327044.7:c.1182T>C:p.Thr394Thr | NOC2L:synonymous_variant:LOW:ENST00000327044.7:c.1182T>C:p.Thr394Thr
9	ERR031940_S1	chr1	953259	rs3748596	T	C	SNV	GRCh38	1863.06	PASS	1/1	0	49	49	1.0	small_example.filtered_snpEff.ann.vcf	NOC2L:synonymous_variant:LOW:ENST00000327044.7:c.918A>G:p.Glu306Glu | NOC2L:synonymous_variant:LOW:ENST00000327044.7:c.918A>G:p.Glu306Glu | NOC2L:synonymous_variant:LOW:ENST00000327044.7:c.918A>G:p.Glu306Glu | NOC2L:synonymous_variant:LOW:ENST00000327044.7:c.918A>G:p.Glu306Glu | NOC2L:synonymous_variant:LOW:ENST00000327044.7:c.918A>G:p.Glu306Glu | NOC2L:synonymous_variant:LOW:ENST00000327044.7:c.918A>G:p.Glu306Glu
9	ERR031940_S1	chr1	953259	rs3748596	T	C	SNV	GRCh38	1863.06	PASS	1/1	0	49	49	1.0	small_example.filtered_snpEff.ann.vcf	NOC2L:synonymous_variant:LOW:ENST00000327044.7:c.918A>G:p.Glu306Glu | NOC2L:synonymous_variant:LOW:ENST00000327044.7:c.918A>G:p.Glu306Glu | NOC2L:synonymous_variant:LOW:ENST00000327044.7:c.918A>G:p.Glu306Glu | NOC2L:synonymous_variant:LOW:ENST00000327044.7:c.918A>G:p.Glu306Glu | NOC2L:synonymous_variant:LOW:ENST00000327044.7:c.918A>G:p.Glu306Glu | NOC2L:synonymous_variant:LOW:ENST00000327044.7:c.918A>G:p.Glu306Glu
9	ERR031940_S1	chr1	953259	rs3748596	T	C	SNV	GRCh38	1863.06	PASS	1/1	0	49	49	1.0	small_example.filtered_snpEff.ann.vcf	NOC2L:synonymous_variant:LOW:ENST00000327044.7:c.918A>G:p.Glu306Glu | NOC2L:synonymous_variant:LOW:ENST00000327044.7:c.918A>G:p.Glu306Glu | NOC2L:synonymous_variant:LOW:ENST00000327044.7:c.918A>G:p.Glu306Glu | NOC2L:synonymous_variant:LOW:ENST00000327044.7:c.918A>G:p.Glu306Glu | NOC2L:synonymous_variant:LOW:ENST00000327044.7:c.918A>G:p.Glu306Glu | NOC2L:synonymous_variant:LOW:ENST00000327044.7:c.918A>G:p.Glu306Glu
9	ERR031940_S1	chr1	953259	rs3748596	T	C	SNV	GRCh38	1863.06	PASS	1/1	0	49	49	1.0	small_example.filtered_snpEff.ann.vcf	NOC2L:synonymous_variant:LOW:ENST00000327044.7:c.918A>G:p.Glu306Glu | NOC2L:synonymous_variant:LOW:ENST00000327044.7:c.918A>G:p.Glu306Glu | NOC2L:synonymous_variant:LOW:ENST00000327044.7:c.918A>G:p.Glu306Glu | NOC2L:synonymous_variant:LOW:ENST00000327044.7:c.918A>G:p.Glu306Glu | NOC2L:synonymous_variant:LOW:ENST00000327044.7:c.918A>G:p.Glu306Glu | NOC2L:synonymous_variant:LOW:ENST00000327044.7:c.918A>G:p.Glu306Glu
9	ERR031940_S1	chr1	953259	rs3748596	T	C	SNV	GRCh38	1863.06	PASS	1/1	0	49	49	1.0	small_example.filtered_snpEff.ann.vcf	NOC2L:synonymous_variant:LOW:ENST00000327044.7:c.918A>G:p.Glu306Glu | NOC2L:synonymous_variant:LOW:ENST00000327044.7:c.918A>G:p.Glu306Glu | NOC2L:synonymous_variant:LOW:ENST00000327044.7:c.918A>G:p.Glu306Glu | NOC2L:synonymous_variant:LOW:ENST00000327044.7:c.918A>G:p.Glu306Glu | NOC2L:synonymous_variant:LOW:ENST00000327044.7:c.918A>G:p.Glu306Glu | NOC2L:synonymous_variant:LOW:ENST00000327044.7:c.918A>G:p.Glu306Glu
9	ERR031940_S1	chr1	953259	rs3748596	T	C	SNV	GRCh38	1863.06	PASS	1/1	0	49	49	1.0	small_example.filtered_snpEff.ann.vcf	NOC2L:synonymous_variant:LOW:ENST00000327044.7:c.918A>G:p.Glu306Glu | NOC2L:synonymous_variant:LOW:ENST00000327044.7:c.918A>G:p.Glu306Glu | NOC2L:synonymous_variant:LOW:ENST00000327044.7:c.918A>G:p.Glu306Glu | NOC2L:synonymous_variant:LOW:ENST00000327044.7:c.918A>G:p.Glu306Glu | NOC2L:synonymous_variant:LOW:ENST00000327044.7:c.918A>G:p.Glu306Glu | NOC2L:synonymous_variant:LOW:ENST00000327044.7:c.918A>G:p.Glu306Glu
10	ERR031940_S1	chr1	953279	rs3748597	T	C	SNV	GRCh38	1213.06	PASS	1/1	0	33	33	1.0	small_example.filtered_snpEff.ann.vcf	NOC2L:missense_variant:MODERATE:ENST00000327044.7:c.898A>G:p.Ile300Val | NOC2L:missense_variant:MODERATE:ENST00000327044.7:c.898A>G:p.Ile300Val | NOC2L:missense_variant:MODERATE:ENST00000327044.7:c.898A>G:p.Ile300Val | NOC2L:missense_variant:MODERATE:ENST00000327044.7:c.898A>G:p.Ile300Val | NOC2L:missense_variant:MODERATE:ENST00000327044.7:c.898A>G:p.Ile300Val | NOC2L:missense_variant:MODERATE:ENST00000327044.7:c.898A>G:p.Ile300Val
10	ERR031940_S1	chr1	953279	rs3748597	T	C	SNV	GRCh38	1213.06	PASS	1/1	0	33	33	1.0	small_example.filtered_snpEff.ann.vcf	NOC2L:missense_variant:MODERATE:ENST00000327044.7:c.898A>G:p.Ile300Val | NOC2L:missense_variant:MODERATE:ENST00000327044.7:c.898A>G:p.Ile300Val | NOC2L:missense_variant:MODERATE:ENST00000327044.7:c.898A>G:p.Ile300Val | NOC2L:missense_variant:MODERATE:ENST00000327044.7:c.898A>G:p.Ile300Val | NOC2L:missense_variant:MODERATE:ENST00000327044.7:c.898A>G:p.Ile300Val | NOC2L:missense_variant:MODERATE:ENST00000327044.7:c.898A>G:p.Ile300Val
10	ERR031940_S1	chr1	953279	rs3748597	T	C	SNV	GRCh38	1213.06	PASS	1/1	0	33	33	1.0	small_example.filtered_snpEff.ann.vcf	NOC2L:missense_variant:MODERATE:ENST00000327044.7:c.898A>G:p.Ile300Val | NOC2L:missense_variant:MODERATE:ENST00000327044.7:c.898A>G:p.Ile300Val | NOC2L:missense_variant:MODERATE:ENST00000327044.7:c.898A>G:p.Ile300Val | NOC2L:missense_variant:MODERATE:ENST00000327044.7:c.898A>G:p.Ile300Val | NOC2L:missense_variant:MODERATE:ENST00000327044.7:c.898A>G:p.Ile300Val | NOC2L:missense_variant:MODERATE:ENST00000327044.7:c.898A>G:p.Ile300Val
10	ERR031940_S1	chr1	953279	rs3748597	T	C	SNV	GRCh38	1213.06	PASS	1/1	0	33	33	1.0	small_example.filtered_snpEff.ann.vcf	NOC2L:missense_variant:MODERATE:ENST00000327044.7:c.898A>G:p.Ile300Val | NOC2L:missense_variant:MODERATE:ENST00000327044.7:c.898A>G:p.Ile300Val | NOC2L:missense_variant:MODERATE:ENST00000327044.7:c.898A>G:p.Ile300Val | NOC2L:missense_variant:MODERATE:ENST00000327044.7:c.898A>G:p.Ile300Val | NOC2L:missense_variant:MODERATE:ENST00000327044.7:c.898A>G:p.Ile300Val | NOC2L:missense_variant:MODERATE:ENST00000327044.7:c.898A>G:p.Ile300Val
10	ERR031940_S1	chr1	953279	rs3748597	T	C	SNV	GRCh38	1213.06	PASS	1/1	0	33	33	1.0	small_example.filtered_snpEff.ann.vcf	NOC2L:missense_variant:MODERATE:ENST00000327044.7:c.898A>G:p.Ile300Val | NOC2L:missense_variant:MODERATE:ENST00000327044.7:c.898A>G:p.Ile300Val | NOC2L:missense_variant:MODERATE:ENST00000327044.7:c.898A>G:p.Ile300Val | NOC2L:missense_variant:MODERATE:ENST00000327044.7:c.898A>G:p.Ile300Val | NOC2L:missense_variant:MODERATE:ENST00000327044.7:c.898A>G:p.Ile300Val | NOC2L:missense_variant:MODERATE:ENST00000327044.7:c.898A>G:p.Ile300Val
10	ERR031940_S1	chr1	953279	rs3748597	T	C	SNV	GRCh38	1213.06	PASS	1/1	0	33	33	1.0	small_example.filtered_snpEff.ann.vcf	NOC2L:missense_variant:MODERATE:ENST00000327044.7:c.898A>G:p.Ile300Val | NOC2L:missense_variant:MODERATE:ENST00000327044.7:c.898A>G:p.Ile300Val | NOC2L:missense_variant:MODERATE:ENST00000327044.7:c.898A>G:p.Ile300Val | NOC2L:missense_variant:MODERATE:ENST00000327044.7:c.898A>G:p.Ile300Val | NOC2L:missense_variant:MODERATE:ENST00000327044.7:c.898A>G:p.Ile300Val | NOC2L:missense_variant:MODERATE:ENST00000327044.7:c.898A>G:p.Ile300Val
11	ERR031940_S1	chr1	953778	rs13303056	G	C	SNV	GRCh38	121.84	PASS	1/1	0	3	3	1.0	small_example.filtered_snpEff.ann.vcf	NOC2L:splice_region_variant&intron_variant:LOW:ENST00000327044.7:c.888+4C>G: | NOC2L:splice_region_variant&intron_variant:LOW:ENST00000327044.7:c.888+4C>G: | NOC2L:splice_region_variant&intron_variant:LOW:ENST00000327044.7:c.888+4C>G: | NOC2L:splice_region_variant&intron_variant:LOW:ENST00000327044.7:c.888+4C>G: | NOC2L:splice_region_variant&intron_variant:LOW:ENST00000327044.7:c.888+4C>G: | NOC2L:splice_region_variant&intron_variant:LOW:ENST00000327044.7:c.888+4C>G:
11	ERR031940_S1	chr1	953778	rs13303056	G	C	SNV	GRCh38	121.84	PASS	1/1	0	3	3	1.0	small_example.filtered_snpEff.ann.vcf	NOC2L:splice_region_variant&intron_variant:LOW:ENST00000327044.7:c.888+4C>G: | NOC2L:splice_region_variant&intron_variant:LOW:ENST00000327044.7:c.888+4C>G: | NOC2L:splice_region_variant&intron_variant:LOW:ENST00000327044.7:c.888+4C>G: | NOC2L:splice_region_variant&intron_variant:LOW:ENST00000327044.7:c.888+4C>G: | NOC2L:splice_region_variant&intron_variant:LOW:ENST00000327044.7:c.888+4C>G: | NOC2L:splice_region_variant&intron_variant:LOW:ENST00000327044.7:c.888+4C>G:
11	ERR031940_S1	chr1	953778	rs13303056	G	C	SNV	GRCh38	121.84	PASS	1/1	0	3	3	1.0	small_example.filtered_snpEff.ann.vcf	NOC2L:splice_region_variant&intron_variant:LOW:ENST00000327044.7:c.888+4C>G: | NOC2L:splice_region_variant&intron_variant:LOW:ENST00000327044.7:c.888+4C>G: | NOC2L:splice_region_variant&intron_variant:LOW:ENST00000327044.7:c.888+4C>G: | NOC2L:splice_region_variant&intron_variant:LOW:ENST00000327044.7:c.888+4C>G: | NOC2L:splice_region_variant&intron_variant:LOW:ENST00000327044.7:c.888+4C>G: | NOC2L:splice_region_variant&intron_variant:LOW:ENST00000327044.7:c.888+4C>G:
11	ERR031940_S1	chr1	953778	rs13303056	G	C	SNV	GRCh38	121.84	PASS	1/1	0	3	3	1.0	small_example.filtered_snpEff.ann.vcf	NOC2L:splice_region_variant&intron_variant:LOW:ENST00000327044.7:c.888+4C>G: | NOC2L:splice_region_variant&intron_variant:LOW:ENST00000327044.7:c.888+4C>G: | NOC2L:splice_region_variant&intron_variant:LOW:ENST00000327044.7:c.888+4C>G: | NOC2L:splice_region_variant&intron_variant:LOW:ENST00000327044.7:c.888+4C>G: | NOC2L:splice_region_variant&intron_variant:LOW:ENST00000327044.7:c.888+4C>G: | NOC2L:splice_region_variant&intron_variant:LOW:ENST00000327044.7:c.888+4C>G:
11	ERR031940_S1	chr1	953778	rs13303056	G	C	SNV	GRCh38	121.84	PASS	1/1	0	3	3	1.0	small_example.filtered_snpEff.ann.vcf	NOC2L:splice_region_variant&intron_variant:LOW:ENST00000327044.7:c.888+4C>G: | NOC2L:splice_region_variant&intron_variant:LOW:ENST00000327044.7:c.888+4C>G: | NOC2L:splice_region_variant&intron_variant:LOW:ENST00000327044.7:c.888+4C>G: | NOC2L:splice_region_variant&intron_variant:LOW:ENST00000327044.7:c.888+4C>G: | NOC2L:splice_region_variant&intron_variant:LOW:ENST00000327044.7:c.888+4C>G: | NOC2L:splice_region_variant&intron_variant:LOW:ENST00000327044.7:c.888+4C>G:
11	ERR031940_S1	chr1	953778	rs13303056	G	C	SNV	GRCh38	121.84	PASS	1/1	0	3	3	1.0	small_example.filtered_snpEff.ann.vcf	NOC2L:splice_region_variant&intron_variant:LOW:ENST00000327044.7:c.888+4C>G: | NOC2L:splice_region_variant&intron_variant:LOW:ENST00000327044.7:c.888+4C>G: | NOC2L:splice_region_variant&intron_variant:LOW:ENST00000327044.7:c.888+4C>G: | NOC2L:splice_region_variant&intron_variant:LOW:ENST00000327044.7:c.888+4C>G: | NOC2L:splice_region_variant&intron_variant:LOW:ENST00000327044.7:c.888+4C>G: | NOC2L:splice_region_variant&intron_variant:LOW:ENST00000327044.7:c.888+4C>G:
12	ERR031940_S1	chr1	953779	rs13302945	A	C	SNV	GRCh38	121.84	PASS	1/1	0	3	3	1.0	small_example.filtered_snpEff.ann.vcf	NOC2L:splice_region_variant&intron_variant:LOW:ENST00000327044.7:c.888+3T>G: | NOC2L:splice_region_variant&intron_variant:LOW:ENST00000327044.7:c.888+3T>G: | NOC2L:splice_region_variant&intron_variant:LOW:ENST00000327044.7:c.888+3T>G: | NOC2L:splice_region_variant&intron_variant:LOW:ENST00000327044.7:c.888+3T>G: | NOC2L:splice_region_variant&intron_variant:LOW:ENST00000327044.7:c.888+3T>G: | NOC2L:splice_region_variant&intron_variant:LOW:ENST00000327044.7:c.888+3T>G:
12	ERR031940_S1	chr1	953779	rs13302945	A	C	SNV	GRCh38	121.84	PASS	1/1	0	3	3	1.0	small_example.filtered_snpEff.ann.vcf	NOC2L:splice_region_variant&intron_variant:LOW:ENST00000327044.7:c.888+3T>G: | NOC2L:splice_region_variant&intron_variant:LOW:ENST00000327044.7:c.888+3T>G: | NOC2L:splice_region_variant&intron_variant:LOW:ENST00000327044.7:c.888+3T>G: | NOC2L:splice_region_variant&intron_variant:LOW:ENST00000327044.7:c.888+3T>G: | NOC2L:splice_region_variant&intron_variant:LOW:ENST00000327044.7:c.888+3T>G: | NOC2L:splice_region_variant&intron_variant:LOW:ENST00000327044.7:c.888+3T>G:
12	ERR031940_S1	chr1	953779	rs13302945	A	C	SNV	GRCh38	121.84	PASS	1/1	0	3	3	1.0	small_example.filtered_snpEff.ann.vcf	NOC2L:splice_region_variant&intron_variant:LOW:ENST00000327044.7:c.888+3T>G: | NOC2L:splice_region_variant&intron_variant:LOW:ENST00000327044.7:c.888+3T>G: | NOC2L:splice_region_variant&intron_variant:LOW:ENST00000327044.7:c.888+3T>G: | NOC2L:splice_region_variant&intron_variant:LOW:ENST00000327044.7:c.888+3T>G: | NOC2L:splice_region_variant&intron_variant:LOW:ENST00000327044.7:c.888+3T>G: | NOC2L:splice_region_variant&intron_variant:LOW:ENST00000327044.7:c.888+3T>G:
12	ERR031940_S1	chr1	953779	rs13302945	A	C	SNV	GRCh38	121.84	PASS	1/1	0	3	3	1.0	small_example.filtered_snpEff.ann.vcf	NOC2L:splice_region_variant&intron_variant:LOW:ENST00000327044.7:c.888+3T>G: | NOC2L:splice_region_variant&intron_variant:LOW:ENST00000327044.7:c.888+3T>G: | NOC2L:splice_region_variant&intron_variant:LOW:ENST00000327044.7:c.888+3T>G: | NOC2L:splice_region_variant&intron_variant:LOW:ENST00000327044.7:c.888+3T>G: | NOC2L:splice_region_variant&intron_variant:LOW:ENST00000327044.7:c.888+3T>G: | NOC2L:splice_region_variant&intron_variant:LOW:ENST00000327044.7:c.888+3T>G:
12	ERR031940_S1	chr1	953779	rs13302945	A	C	SNV	GRCh38	121.84	PASS	1/1	0	3	3	1.0	small_example.filtered_snpEff.ann.vcf	NOC2L:splice_region_variant&intron_variant:LOW:ENST00000327044.7:c.888+3T>G: | NOC2L:splice_region_variant&intron_variant:LOW:ENST00000327044.7:c.888+3T>G: | NOC2L:splice_region_variant&intron_variant:LOW:ENST00000327044.7:c.888+3T>G: | NOC2L:splice_region_variant&intron_variant:LOW:ENST00000327044.7:c.888+3T>G: | NOC2L:splice_region_variant&intron_variant:LOW:ENST00000327044.7:c.888+3T>G: | NOC2L:splice_region_variant&intron_variant:LOW:ENST00000327044.7:c.888+3T>G:
12	ERR031940_S1	chr1	953779	rs13302945	A	C	SNV	GRCh38	121.84	PASS	1/1	0	3	3	1.0	small_example.filtered_snpEff.ann.vcf	NOC2L:splice_region_variant&intron_variant:LOW:ENST00000327044.7:c.888+3T>G: | NOC2L:splice_region_variant&intron_variant:LOW:ENST00000327044.7:c.888+3T>G: | NOC2L:splice_region_variant&intron_variant:LOW:ENST00000327044.7:c.888+3T>G: | NOC2L:splice_region_variant&intron_variant:LOW:ENST00000327044.7:c.888+3T>G: | NOC2L:splice_region_variant&intron_variant:LOW:ENST00000327044.7:c.888+3T>G: | NOC2L:splice_region_variant&intron_variant:LOW:ENST00000327044.7:c.888+3T>G:
13	ERR031940_S1	chr1	959193	rs13303010	G	A	SNV	GRCh38	343.05	PASS	1/1	0	9	9	1.0	small_example.filtered_snpEff.ann.vcf	KLHL17:upstream_gene_variant:MODIFIER:ENST00000338591.8:c.-1501G>A: | NOC2L:intron_variant:MODIFIER:ENST00000327044.7:c.26+22C>T: | KLHL17:upstream_gene_variant:MODIFIER:ENST00000338591.8:c.-1501G>A: | NOC2L:intron_variant:MODIFIER:ENST00000327044.7:c.26+22C>T: | KLHL17:upstream_gene_variant:MODIFIER:ENST00000338591.8:c.-1501G>A: | NOC2L:intron_variant:MODIFIER:ENST00000327044.7:c.26+22C>T: | KLHL17:upstream_gene_variant:MODIFIER:ENST00000338591.8:c.-1501G>A: | NOC2L:intron_variant:MODIFIER:ENST00000327044.7:c.26+22C>T: | KLHL17:upstream_gene_variant:MODIFIER:ENST00000338591.8:c.-1501G>A: | NOC2L:intron_variant:MODIFIER:ENST00000327044.7:c.26+22C>T: | KLHL17:upstream_gene_variant:MODIFIER:ENST00000338591.8:c.-1501G>A: | NOC2L:intron_variant:MODIFIER:ENST00000327044.7:c.26+22C>T:
13	ERR031940_S1	chr1	959193	rs13303010	G	A	SNV	GRCh38	343.05	PASS	1/1	0	9	9	1.0	small_example.filtered_snpEff.ann.vcf	KLHL17:upstream_gene_variant:MODIFIER:ENST00000338591.8:c.-1501G>A: | NOC2L:intron_variant:MODIFIER:ENST00000327044.7:c.26+22C>T: | KLHL17:upstream_gene_variant:MODIFIER:ENST00000338591.8:c.-1501G>A: | NOC2L:intron_variant:MODIFIER:ENST00000327044.7:c.26+22C>T: | KLHL17:upstream_gene_variant:MODIFIER:ENST00000338591.8:c.-1501G>A: | NOC2L:intron_variant:MODIFIER:ENST00000327044.7:c.26+22C>T: | KLHL17:upstream_gene_variant:MODIFIER:ENST00000338591.8:c.-1501G>A: | NOC2L:intron_variant:MODIFIER:ENST00000327044.7:c.26+22C>T: | KLHL17:upstream_gene_variant:MODIFIER:ENST00000338591.8:c.-1501G>A: | NOC2L:intron_variant:MODIFIER:ENST00000327044.7:c.26+22C>T: | KLHL17:upstream_gene_variant:MODIFIER:ENST00000338591.8:c.-1501G>A: | NOC2L:intron_variant:MODIFIER:ENST00000327044.7:c.26+22C>T:
13	ERR031940_S1	chr1	959193	rs13303010	G	A	SNV	GRCh38	343.05	PASS	1/1	0	9	9	1.0	small_example.filtered_snpEff.ann.vcf	KLHL17:upstream_gene_variant:MODIFIER:ENST00000338591.8:c.-1501G>A: | NOC2L:intron_variant:MODIFIER:ENST00000327044.7:c.26+22C>T: | KLHL17:upstream_gene_variant:MODIFIER:ENST00000338591.8:c.-1501G>A: | NOC2L:intron_variant:MODIFIER:ENST00000327044.7:c.26+22C>T: | KLHL17:upstream_gene_variant:MODIFIER:ENST00000338591.8:c.-1501G>A: | NOC2L:intron_variant:MODIFIER:ENST00000327044.7:c.26+22C>T: | KLHL17:upstream_gene_variant:MODIFIER:ENST00000338591.8:c.-1501G>A: | NOC2L:intron_variant:MODIFIER:ENST00000327044.7:c.26+22C>T: | KLHL17:upstream_gene_variant:MODIFIER:ENST00000338591.8:c.-1501G>A: | NOC2L:intron_variant:MODIFIER:ENST00000327044.7:c.26+22C>T: | KLHL17:upstream_gene_variant:MODIFIER:ENST00000338591.8:c.-1501G>A: | NOC2L:intron_variant:MODIFIER:ENST00000327044.7:c.26+22C>T:
13	ERR031940_S1	chr1	959193	rs13303010	G	A	SNV	GRCh38	343.05	PASS	1/1	0	9	9	1.0	small_example.filtered_snpEff.ann.vcf	KLHL17:upstream_gene_variant:MODIFIER:ENST00000338591.8:c.-1501G>A: | NOC2L:intron_variant:MODIFIER:ENST00000327044.7:c.26+22C>T: | KLHL17:upstream_gene_variant:MODIFIER:ENST00000338591.8:c.-1501G>A: | NOC2L:intron_variant:MODIFIER:ENST00000327044.7:c.26+22C>T: | KLHL17:upstream_gene_variant:MODIFIER:ENST00000338591.8:c.-1501G>A: | NOC2L:intron_variant:MODIFIER:ENST00000327044.7:c.26+22C>T: | KLHL17:upstream_gene_variant:MODIFIER:ENST00000338591.8:c.-1501G>A: | NOC2L:intron_variant:MODIFIER:ENST00000327044.7:c.26+22C>T: | KLHL17:upstream_gene_variant:MODIFIER:ENST00000338591.8:c.-1501G>A: | NOC2L:intron_variant:MODIFIER:ENST00000327044.7:c.26+22C>T: | KLHL17:upstream_gene_variant:MODIFIER:ENST00000338591.8:c.-1501G>A: | NOC2L:intron_variant:MODIFIER:ENST00000327044.7:c.26+22C>T:
13	ERR031940_S1	chr1	959193	rs13303010	G	A	SNV	GRCh38	343.05	PASS	1/1	0	9	9	1.0	small_example.filtered_snpEff.ann.vcf	KLHL17:upstream_gene_variant:MODIFIER:ENST00000338591.8:c.-1501G>A: | NOC2L:intron_variant:MODIFIER:ENST00000327044.7:c.26+22C>T: | KLHL17:upstream_gene_variant:MODIFIER:ENST00000338591.8:c.-1501G>A: | NOC2L:intron_variant:MODIFIER:ENST00000327044.7:c.26+22C>T: | KLHL17:upstream_gene_variant:MODIFIER:ENST00000338591.8:c.-1501G>A: | NOC2L:intron_variant:MODIFIER:ENST00000327044.7:c.26+22C>T: | KLHL17:upstream_gene_variant:MODIFIER:ENST00000338591.8:c.-1501G>A: | NOC2L:intron_variant:MODIFIER:ENST00000327044.7:c.26+22C>T: | KLHL17:upstream_gene_variant:MODIFIER:ENST00000338591.8:c.-1501G>A: | NOC2L:intron_variant:MODIFIER:ENST00000327044.7:c.26+22C>T: | KLHL17:upstream_gene_variant:MODIFIER:ENST00000338591.8:c.-1501G>A: | NOC2L:intron_variant:MODIFIER:ENST00000327044.7:c.26+22C>T:
13	ERR031940_S1	chr1	959193	rs13303010	G	A	SNV	GRCh38	343.05	PASS	1/1	0	9	9	1.0	small_example.filtered_snpEff.ann.vcf	KLHL17:upstream_gene_variant:MODIFIER:ENST00000338591.8:c.-1501G>A: | NOC2L:intron_variant:MODIFIER:ENST00000327044.7:c.26+22C>T: | KLHL17:upstream_gene_variant:MODIFIER:ENST00000338591.8:c.-1501G>A: | NOC2L:intron_variant:MODIFIER:ENST00000327044.7:c.26+22C>T: | KLHL17:upstream_gene_variant:MODIFIER:ENST00000338591.8:c.-1501G>A: | NOC2L:intron_variant:MODIFIER:ENST00000327044.7:c.26+22C>T: | KLHL17:upstream_gene_variant:MODIFIER:ENST00000338591.8:c.-1501G>A: | NOC2L:intron_variant:MODIFIER:ENST00000327044.7:c.26+22C>T: | KLHL17:upstream_gene_variant:MODIFIER:ENST00000338591.8:c.-1501G>A: | NOC2L:intron_variant:MODIFIER:ENST00000327044.7:c.26+22C>T: | KLHL17:upstream_gene_variant:MODIFIER:ENST00000338591.8:c.-1501G>A: | NOC2L:intron_variant:MODIFIER:ENST00000327044.7:c.26+22C>T:
14	ERR031940_S1	chr1	961945	rs4970441	G	C	SNV	GRCh38	130.14	PASS	1/1	0	4	4	1.0	small_example.filtered_snpEff.ann.vcf	KLHL17:synonymous_variant:LOW:ENST00000338591.8:c.609G>C:p.Ala203Ala | NOC2L:upstream_gene_variant:MODIFIER:ENST00000327044.7:c.-2705C>G: | PLEKHN1:upstream_gene_variant:MODIFIER:ENST00000379409.6:c.-4587G>C: | KLHL17:synonymous_variant:LOW:ENST00000338591.8:c.609G>C:p.Ala203Ala | NOC2L:upstream_gene_variant:MODIFIER:ENST00000327044.7:c.-2705C>G: | PLEKHN1:upstream_gene_variant:MODIFIER:ENST00000379409.6:c.-4587G>C: | KLHL17:synonymous_variant:LOW:ENST00000338591.8:c.609G>C:p.Ala203Ala | NOC2L:upstream_gene_variant:MODIFIER:ENST00000327044.7:c.-2705C>G: | PLEKHN1:upstream_gene_variant:MODIFIER:ENST00000379409.6:c.-4587G>C: | KLHL17:synonymous_variant:LOW:ENST00000338591.8:c.609G>C:p.Ala203Ala | NOC2L:upstream_gene_variant:MODIFIER:ENST00000327044.7:c.-2705C>G: | PLEKHN1:upstream_gene_variant:MODIFIER:ENST00000379409.6:c.-4587G>C: | KLHL17:synonymous_variant:LOW:ENST00000338591.8:c.609G>C:p.Ala203Ala | NOC2L:upstream_gene_variant:MODIFIER:ENST00000327044.7:c.-2705C>G: | PLEKHN1:upstream_gene_variant:MODIFIER:ENST00000379409.6:c.-4587G>C: | KLHL17:synonymous_variant:LOW:ENST00000338591.8:c.609G>C:p.Ala203Ala | NOC2L:upstream_gene_variant:MODIFIER:ENST00000327044.7:c.-2705C>G: | PLEKHN1:upstream_gene_variant:MODIFIER:ENST00000379409.6:c.-4587G>C:
14	ERR031940_S1	chr1	961945	rs4970441	G	C	SNV	GRCh38	130.14	PASS	1/1	0	4	4	1.0	small_example.filtered_snpEff.ann.vcf	KLHL17:synonymous_variant:LOW:ENST00000338591.8:c.609G>C:p.Ala203Ala | NOC2L:upstream_gene_variant:MODIFIER:ENST00000327044.7:c.-2705C>G: | PLEKHN1:upstream_gene_variant:MODIFIER:ENST00000379409.6:c.-4587G>C: | KLHL17:synonymous_variant:LOW:ENST00000338591.8:c.609G>C:p.Ala203Ala | NOC2L:upstream_gene_variant:MODIFIER:ENST00000327044.7:c.-2705C>G: | PLEKHN1:upstream_gene_variant:MODIFIER:ENST00000379409.6:c.-4587G>C: | KLHL17:synonymous_variant:LOW:ENST00000338591.8:c.609G>C:p.Ala203Ala | NOC2L:upstream_gene_variant:MODIFIER:ENST00000327044.7:c.-2705C>G: | PLEKHN1:upstream_gene_variant:MODIFIER:ENST00000379409.6:c.-4587G>C: | KLHL17:synonymous_variant:LOW:ENST00000338591.8:c.609G>C:p.Ala203Ala | NOC2L:upstream_gene_variant:MODIFIER:ENST00000327044.7:c.-2705C>G: | PLEKHN1:upstream_gene_variant:MODIFIER:ENST00000379409.6:c.-4587G>C: | KLHL17:synonymous_variant:LOW:ENST00000338591.8:c.609G>C:p.Ala203Ala | NOC2L:upstream_gene_variant:MODIFIER:ENST00000327044.7:c.-2705C>G: | PLEKHN1:upstream_gene_variant:MODIFIER:ENST00000379409.6:c.-4587G>C: | KLHL17:synonymous_variant:LOW:ENST00000338591.8:c.609G>C:p.Ala203Ala | NOC2L:upstream_gene_variant:MODIFIER:ENST00000327044.7:c.-2705C>G: | PLEKHN1:upstream_gene_variant:MODIFIER:ENST00000379409.6:c.-4587G>C:
14	ERR031940_S1	chr1	961945	rs4970441	G	C	SNV	GRCh38	130.14	PASS	1/1	0	4	4	1.0	small_example.filtered_snpEff.ann.vcf	KLHL17:synonymous_variant:LOW:ENST00000338591.8:c.609G>C:p.Ala203Ala | NOC2L:upstream_gene_variant:MODIFIER:ENST00000327044.7:c.-2705C>G: | PLEKHN1:upstream_gene_variant:MODIFIER:ENST00000379409.6:c.-4587G>C: | KLHL17:synonymous_variant:LOW:ENST00000338591.8:c.609G>C:p.Ala203Ala | NOC2L:upstream_gene_variant:MODIFIER:ENST00000327044.7:c.-2705C>G: | PLEKHN1:upstream_gene_variant:MODIFIER:ENST00000379409.6:c.-4587G>C: | KLHL17:synonymous_variant:LOW:ENST00000338591.8:c.609G>C:p.Ala203Ala | NOC2L:upstream_gene_variant:MODIFIER:ENST00000327044.7:c.-2705C>G: | PLEKHN1:upstream_gene_variant:MODIFIER:ENST00000379409.6:c.-4587G>C: | KLHL17:synonymous_variant:LOW:ENST00000338591.8:c.609G>C:p.Ala203Ala | NOC2L:upstream_gene_variant:MODIFIER:ENST00000327044.7:c.-2705C>G: | PLEKHN1:upstream_gene_variant:MODIFIER:ENST00000379409.6:c.-4587G>C: | KLHL17:synonymous_variant:LOW:ENST00000338591.8:c.609G>C:p.Ala203Ala | NOC2L:upstream_gene_variant:MODIFIER:ENST00000327044.7:c.-2705C>G: | PLEKHN1:upstream_gene_variant:MODIFIER:ENST00000379409.6:c.-4587G>C: | KLHL17:synonymous_variant:LOW:ENST00000338591.8:c.609G>C:p.Ala203Ala | NOC2L:upstream_gene_variant:MODIFIER:ENST00000327044.7:c.-2705C>G: | PLEKHN1:upstream_gene_variant:MODIFIER:ENST00000379409.6:c.-4587G>C:
14	ERR031940_S1	chr1	961945	rs4970441	G	C	SNV	GRCh38	130.14	PASS	1/1	0	4	4	1.0	small_example.filtered_snpEff.ann.vcf	KLHL17:synonymous_variant:LOW:ENST00000338591.8:c.609G>C:p.Ala203Ala | NOC2L:upstream_gene_variant:MODIFIER:ENST00000327044.7:c.-2705C>G: | PLEKHN1:upstream_gene_variant:MODIFIER:ENST00000379409.6:c.-4587G>C: | KLHL17:synonymous_variant:LOW:ENST00000338591.8:c.609G>C:p.Ala203Ala | NOC2L:upstream_gene_variant:MODIFIER:ENST00000327044.7:c.-2705C>G: | PLEKHN1:upstream_gene_variant:MODIFIER:ENST00000379409.6:c.-4587G>C: | KLHL17:synonymous_variant:LOW:ENST00000338591.8:c.609G>C:p.Ala203Ala | NOC2L:upstream_gene_variant:MODIFIER:ENST00000327044.7:c.-2705C>G: | PLEKHN1:upstream_gene_variant:MODIFIER:ENST00000379409.6:c.-4587G>C: | KLHL17:synonymous_variant:LOW:ENST00000338591.8:c.609G>C:p.Ala203Ala | NOC2L:upstream_gene_variant:MODIFIER:ENST00000327044.7:c.-2705C>G: | PLEKHN1:upstream_gene_variant:MODIFIER:ENST00000379409.6:c.-4587G>C: | KLHL17:synonymous_variant:LOW:ENST00000338591.8:c.609G>C:p.Ala203Ala | NOC2L:upstream_gene_variant:MODIFIER:ENST00000327044.7:c.-2705C>G: | PLEKHN1:upstream_gene_variant:MODIFIER:ENST00000379409.6:c.-4587G>C: | KLHL17:synonymous_variant:LOW:ENST00000338591.8:c.609G>C:p.Ala203Ala | NOC2L:upstream_gene_variant:MODIFIER:ENST00000327044.7:c.-2705C>G: | PLEKHN1:upstream_gene_variant:MODIFIER:ENST00000379409.6:c.-4587G>C:
14	ERR031940_S1	chr1	961945	rs4970441	G	C	SNV	GRCh38	130.14	PASS	1/1	0	4	4	1.0	small_example.filtered_snpEff.ann.vcf	KLHL17:synonymous_variant:LOW:ENST00000338591.8:c.609G>C:p.Ala203Ala | NOC2L:upstream_gene_variant:MODIFIER:ENST00000327044.7:c.-2705C>G: | PLEKHN1:upstream_gene_variant:MODIFIER:ENST00000379409.6:c.-4587G>C: | KLHL17:synonymous_variant:LOW:ENST00000338591.8:c.609G>C:p.Ala203Ala | NOC2L:upstream_gene_variant:MODIFIER:ENST00000327044.7:c.-2705C>G: | PLEKHN1:upstream_gene_variant:MODIFIER:ENST00000379409.6:c.-4587G>C: | KLHL17:synonymous_variant:LOW:ENST00000338591.8:c.609G>C:p.Ala203Ala | NOC2L:upstream_gene_variant:MODIFIER:ENST00000327044.7:c.-2705C>G: | PLEKHN1:upstream_gene_variant:MODIFIER:ENST00000379409.6:c.-4587G>C: | KLHL17:synonymous_variant:LOW:ENST00000338591.8:c.609G>C:p.Ala203Ala | NOC2L:upstream_gene_variant:MODIFIER:ENST00000327044.7:c.-2705C>G: | PLEKHN1:upstream_gene_variant:MODIFIER:ENST00000379409.6:c.-4587G>C: | KLHL17:synonymous_variant:LOW:ENST00000338591.8:c.609G>C:p.Ala203Ala | NOC2L:upstream_gene_variant:MODIFIER:ENST00000327044.7:c.-2705C>G: | PLEKHN1:upstream_gene_variant:MODIFIER:ENST00000379409.6:c.-4587G>C: | KLHL17:synonymous_variant:LOW:ENST00000338591.8:c.609G>C:p.Ala203Ala | NOC2L:upstream_gene_variant:MODIFIER:ENST00000327044.7:c.-2705C>G: | PLEKHN1:upstream_gene_variant:MODIFIER:ENST00000379409.6:c.-4587G>C:
14	ERR031940_S1	chr1	961945	rs4970441	G	C	SNV	GRCh38	130.14	PASS	1/1	0	4	4	1.0	small_example.filtered_snpEff.ann.vcf	KLHL17:synonymous_variant:LOW:ENST00000338591.8:c.609G>C:p.Ala203Ala | NOC2L:upstream_gene_variant:MODIFIER:ENST00000327044.7:c.-2705C>G: | PLEKHN1:upstream_gene_variant:MODIFIER:ENST00000379409.6:c.-4587G>C: | KLHL17:synonymous_variant:LOW:ENST00000338591.8:c.609G>C:p.Ala203Ala | NOC2L:upstream_gene_variant:MODIFIER:ENST00000327044.7:c.-2705C>G: | PLEKHN1:upstream_gene_variant:MODIFIER:ENST00000379409.6:c.-4587G>C: | KLHL17:synonymous_variant:LOW:ENST00000338591.8:c.609G>C:p.Ala203Ala | NOC2L:upstream_gene_variant:MODIFIER:ENST00000327044.7:c.-2705C>G: | PLEKHN1:upstream_gene_variant:MODIFIER:ENST00000379409.6:c.-4587G>C: | KLHL17:synonymous_variant:LOW:ENST00000338591.8:c.609G>C:p.Ala203Ala | NOC2L:upstream_gene_variant:MODIFIER:ENST00000327044.7:c.-2705C>G: | PLEKHN1:upstream_gene_variant:MODIFIER:ENST00000379409.6:c.-4587G>C: | KLHL17:synonymous_variant:LOW:ENST00000338591.8:c.609G>C:p.Ala203Ala | NOC2L:upstream_gene_variant:MODIFIER:ENST00000327044.7:c.-2705C>G: | PLEKHN1:upstream_gene_variant:MODIFIER:ENST00000379409.6:c.-4587G>C: | KLHL17:synonymous_variant:LOW:ENST00000338591.8:c.609G>C:p.Ala203Ala | NOC2L:upstream_gene_variant:MODIFIER:ENST00000327044.7:c.-2705C>G: | PLEKHN1:upstream_gene_variant:MODIFIER:ENST00000379409.6:c.-4587G>C:
15	ERR031940_S1	chr1	965125	rs28705211	G	C	SNV	GRCh38	161.64	PASS	0/1	7	5	12	0.4166666666666667	small_example.filtered_snpEff.ann.vcf	KLHL17:synonymous_variant:LOW:ENST00000338591.8:c.1863G>C:p.Val621Val | PLEKHN1:upstream_gene_variant:MODIFIER:ENST00000379409.6:c.-1407G>C: | KLHL17:synonymous_variant:LOW:ENST00000338591.8:c.1863G>C:p.Val621Val | PLEKHN1:upstream_gene_variant:MODIFIER:ENST00000379409.6:c.-1407G>C: | KLHL17:synonymous_variant:LOW:ENST00000338591.8:c.1863G>C:p.Val621Val | PLEKHN1:upstream_gene_variant:MODIFIER:ENST00000379409.6:c.-1407G>C: | KLHL17:synonymous_variant:LOW:ENST00000338591.8:c.1863G>C:p.Val621Val | PLEKHN1:upstream_gene_variant:MODIFIER:ENST00000379409.6:c.-1407G>C: | KLHL17:synonymous_variant:LOW:ENST00000338591.8:c.1863G>C:p.Val621Val | PLEKHN1:upstream_gene_variant:MODIFIER:ENST00000379409.6:c.-1407G>C: | KLHL17:synonymous_variant:LOW:ENST00000338591.8:c.1863G>C:p.Val621Val | PLEKHN1:upstream_gene_variant:MODIFIER:ENST00000379409.6:c.-1407G>C:
15	ERR031940_S1	chr1	965125	rs28705211	G	C	SNV	GRCh38	161.64	PASS	0/1	7	5	12	0.4166666666666667	small_example.filtered_snpEff.ann.vcf	KLHL17:synonymous_variant:LOW:ENST00000338591.8:c.1863G>C:p.Val621Val | PLEKHN1:upstream_gene_variant:MODIFIER:ENST00000379409.6:c.-1407G>C: | KLHL17:synonymous_variant:LOW:ENST00000338591.8:c.1863G>C:p.Val621Val | PLEKHN1:upstream_gene_variant:MODIFIER:ENST00000379409.6:c.-1407G>C: | KLHL17:synonymous_variant:LOW:ENST00000338591.8:c.1863G>C:p.Val621Val | PLEKHN1:upstream_gene_variant:MODIFIER:ENST00000379409.6:c.-1407G>C: | KLHL17:synonymous_variant:LOW:ENST00000338591.8:c.1863G>C:p.Val621Val | PLEKHN1:upstream_gene_variant:MODIFIER:ENST00000379409.6:c.-1407G>C: | KLHL17:synonymous_variant:LOW:ENST00000338591.8:c.1863G>C:p.Val621Val | PLEKHN1:upstream_gene_variant:MODIFIER:ENST00000379409.6:c.-1407G>C: | KLHL17:synonymous_variant:LOW:ENST00000338591.8:c.1863G>C:p.Val621Val | PLEKHN1:upstream_gene_variant:MODIFIER:ENST00000379409.6:c.-1407G>C:
15	ERR031940_S1	chr1	965125	rs28705211	G	C	SNV	GRCh38	161.64	PASS	0/1	7	5	12	0.4166666666666667	small_example.filtered_snpEff.ann.vcf	KLHL17:synonymous_variant:LOW:ENST00000338591.8:c.1863G>C:p.Val621Val | PLEKHN1:upstream_gene_variant:MODIFIER:ENST00000379409.6:c.-1407G>C: | KLHL17:synonymous_variant:LOW:ENST00000338591.8:c.1863G>C:p.Val621Val | PLEKHN1:upstream_gene_variant:MODIFIER:ENST00000379409.6:c.-1407G>C: | KLHL17:synonymous_variant:LOW:ENST00000338591.8:c.1863G>C:p.Val621Val | PLEKHN1:upstream_gene_variant:MODIFIER:ENST00000379409.6:c.-1407G>C: | KLHL17:synonymous_variant:LOW:ENST00000338591.8:c.1863G>C:p.Val621Val | PLEKHN1:upstream_gene_variant:MODIFIER:ENST00000379409.6:c.-1407G>C: | KLHL17:synonymous_variant:LOW:ENST00000338591.8:c.1863G>C:p.Val621Val | PLEKHN1:upstream_gene_variant:MODIFIER:ENST00000379409.6:c.-1407G>C: | KLHL17:synonymous_variant:LOW:ENST00000338591.8:c.1863G>C:p.Val621Val | PLEKHN1:upstream_gene_variant:MODIFIER:ENST00000379409.6:c.-1407G>C:
15	ERR031940_S1	chr1	965125	rs28705211	G	C	SNV	GRCh38	161.64	PASS	0/1	7	5	12	0.4166666666666667	small_example.filtered_snpEff.ann.vcf	KLHL17:synonymous_variant:LOW:ENST00000338591.8:c.1863G>C:p.Val621Val | PLEKHN1:upstream_gene_variant:MODIFIER:ENST00000379409.6:c.-1407G>C: | KLHL17:synonymous_variant:LOW:ENST00000338591.8:c.1863G>C:p.Val621Val | PLEKHN1:upstream_gene_variant:MODIFIER:ENST00000379409.6:c.-1407G>C: | KLHL17:synonymous_variant:LOW:ENST00000338591.8:c.1863G>C:p.Val621Val | PLEKHN1:upstream_gene_variant:MODIFIER:ENST00000379409.6:c.-1407G>C: | KLHL17:synonymous_variant:LOW:ENST00000338591.8:c.1863G>C:p.Val621Val | PLEKHN1:upstream_gene_variant:MODIFIER:ENST00000379409.6:c.-1407G>C: | KLHL17:synonymous_variant:LOW:ENST00000338591.8:c.1863G>C:p.Val621Val | PLEKHN1:upstream_gene_variant:MODIFIER:ENST00000379409.6:c.-1407G>C: | KLHL17:synonymous_variant:LOW:ENST00000338591.8:c.1863G>C:p.Val621Val | PLEKHN1:upstream_gene_variant:MODIFIER:ENST00000379409.6:c.-1407G>C:
15	ERR031940_S1	chr1	965125	rs28705211	G	C	SNV	GRCh38	161.64	PASS	0/1	7	5	12	0.4166666666666667	small_example.filtered_snpEff.ann.vcf	KLHL17:synonymous_variant:LOW:ENST00000338591.8:c.1863G>C:p.Val621Val | PLEKHN1:upstream_gene_variant:MODIFIER:ENST00000379409.6:c.-1407G>C: | KLHL17:synonymous_variant:LOW:ENST00000338591.8:c.1863G>C:p.Val621Val | PLEKHN1:upstream_gene_variant:MODIFIER:ENST00000379409.6:c.-1407G>C: | KLHL17:synonymous_variant:LOW:ENST00000338591.8:c.1863G>C:p.Val621Val | PLEKHN1:upstream_gene_variant:MODIFIER:ENST00000379409.6:c.-1407G>C: | KLHL17:synonymous_variant:LOW:ENST00000338591.8:c.1863G>C:p.Val621Val | PLEKHN1:upstream_gene_variant:MODIFIER:ENST00000379409.6:c.-1407G>C: | KLHL17:synonymous_variant:LOW:ENST00000338591.8:c.1863G>C:p.Val621Val | PLEKHN1:upstream_gene_variant:MODIFIER:ENST00000379409.6:c.-1407G>C: | KLHL17:synonymous_variant:LOW:ENST00000338591.8:c.1863G>C:p.Val621Val | PLEKHN1:upstream_gene_variant:MODIFIER:ENST00000379409.6:c.-1407G>C:
15	ERR031940_S1	chr1	965125	rs28705211	G	C	SNV	GRCh38	161.64	PASS	0/1	7	5	12	0.4166666666666667	small_example.filtered_snpEff.ann.vcf	KLHL17:synonymous_variant:LOW:ENST00000338591.8:c.1863G>C:p.Val621Val | PLEKHN1:upstream_gene_variant:MODIFIER:ENST00000379409.6:c.-1407G>C: | KLHL17:synonymous_variant:LOW:ENST00000338591.8:c.1863G>C:p.Val621Val | PLEKHN1:upstream_gene_variant:MODIFIER:ENST00000379409.6:c.-1407G>C: | KLHL17:synonymous_variant:LOW:ENST00000338591.8:c.1863G>C:p.Val621Val | PLEKHN1:upstream_gene_variant:MODIFIER:ENST00000379409.6:c.-1407G>C: | KLHL17:synonymous_variant:LOW:ENST00000338591.8:c.1863G>C:p.Val621Val | PLEKHN1:upstream_gene_variant:MODIFIER:ENST00000379409.6:c.-1407G>C: | KLHL17:synonymous_variant:LOW:ENST00000338591.8:c.1863G>C:p.Val621Val | PLEKHN1:upstream_gene_variant:MODIFIER:ENST00000379409.6:c.-1407G>C: | KLHL17:synonymous_variant:LOW:ENST00000338591.8:c.1863G>C:p.Val621Val | PLEKHN1:upstream_gene_variant:MODIFIER:ENST00000379409.6:c.-1407G>C:
33	ERR031940_S1	chr10	124983	rsTEST000018	G	A	SNV	GRCh38	392.66	PASS	0/1	36	23	59	0.3898305084745763	synthetic_snv_indel_100.vcf	BRAF:missense_variant:MODERATE:ENST00000646891.2:c.154G>A:p.Ala48Leu
57	ERR031940_S1	chr10	158125	rsTEST000042	G	A	SNV	GRCh38	809.54	PASS	0/1	38	19	57	0.3333333333333333	synthetic_snv_indel_100.vcf	TP53:missense_variant:MODERATE:ENST00000269305.9:c.226G>A:p.Ala72Leu
81	ERR031940_S1	chr10	191014	rsTEST000066	G	A	SNV	GRCh38	1226.42	PASS	0/1	35	20	55	0.36363636363636365	synthetic_snv_indel_100.vcf	LDLR:missense_variant:MODERATE:ENST00000558518.6:c.298G>A:p.Ala96Leu
105	ERR031940_S1	chr10	224156	rsTEST000090	G	A	SNV	GRCh38	193.3	PASS	1/1	0	53	53	1.0	synthetic_snv_indel_100.vcf	FBN1:missense_variant:MODERATE:ENST00000316623.10:c.370G>A:p.Ala120Leu
16	ERR031940_S1	chr11	101402	rsTEST000001	C	G	SNV	GRCh38	97.37	PASS	0/1	16	9	25	0.36	synthetic_snv_indel_100.vcf	BRCA2:synonymous_variant:LOW:ENST00000380152.8:c.103C>G:p.Gly31Gly
40	ERR031940_S1	chr11	134544	rsTEST000025	C	G	SNV	GRCh38	514.25	PASS	1/1	1	22	23	0.9565217391304348	synthetic_snv_indel_100.vcf	MYH7:synonymous_variant:LOW:ENST00000355349.8:c.175C>G:p.Gly55Gly
64	ERR031940_S1	chr11	167686	rsTEST000049	C	G	SNV	GRCh38	931.13	PASS	0/1	14	7	21	0.3333333333333333	synthetic_snv_indel_100.vcf	PAH:synonymous_variant:LOW:ENST00000553106.6:c.247C>G:p.Gly79Gly
88	ERR031940_S1	chr11	200828	rsTEST000073	C	G	SNV	GRCh38	1348.01	PASS	0/1	12	7	19	0.3684210526315789	synthetic_snv_indel_100.vcf	MECP2:synonymous_variant:LOW:ENST00000303391.10:c.319C>G:p.Gly103Gly
112	ERR031940_S1	chr11	233970	rsTEST000097	C	G	SNV	GRCh38	314.89	PASS	0/1	61	41	102	0.4019607843137255	synthetic_snv_indel_100.vcf	KRAS:synonymous_variant:LOW:ENST00000256078.9:c.391C>G:p.Gly127Gly
23	ERR031940_S1	chr12	111216	rsTEST000008	A	AACG	INSERTION	GRCh38	218.96	PASS	0/1	48	26	74	0.35135135135135137	synthetic_snv_indel_100.vcf	HTT:inframe_insertion:MODERATE:ENST00000355072.10:c.124_125insACG:p.Lys38_39ins
47	ERR031940_S1	chr12	144358	rsTEST000032	A	AACG	INSERTION	GRCh38	635.84	PASS	0/1	44	28	72	0.3888888888888889	synthetic_snv_indel_100.vcf	GBA1:inframe_insertion:MODERATE:ENST00000368373.8:c.196_197insACG:p.Lys62_63ins
71	ERR031940_S1	chr12	177247	rsTEST000056	A	AACG	INSERTION	GRCh38	1052.72	PASS	0/1	46	24	70	0.34285714285714286	synthetic_snv_indel_100.vcf	EGFR:inframe_insertion:MODERATE:ENST00000275493.7:c.268_269insACG:p.Lys86_87ins
95	ERR031940_S1	chr12	210389	rsTEST000080	A	AACG	INSERTION	GRCh38	1469.6	PASS	1/1	2	66	68	0.9705882352941176	synthetic_snv_indel_100.vcf	BRCA1:inframe_insertion:MODERATE:ENST00000357654.9:c.340_341insACG:p.Lys110_111ins
30	ERR031940_S1	chr13	120777	rsTEST000015	TACGT	T	DELETION	GRCh38	340.55	PASS	1/1	0	38	38	1.0	synthetic_snv_indel_100.vcf	PARK2:frameshift_variant:HIGH:ENST00000366898.5:c.145_149del:p.Glu45fs
54	ERR031940_S1	chr13	153919	rsTEST000039	TACGT	T	DELETION	GRCh38	757.43	CNN_1D_INDEL_Tranche_99.40_100.00	0/1	22	14	36	0.3888888888888889	synthetic_snv_indel_100.vcf	ALK:frameshift_variant:HIGH:ENST00000389048.8:c.217_221del:p.Glu69fs
78	ERR031940_S1	chr13	187061	rsTEST000063	TACGT	T	DELETION	GRCh38	1174.31	PASS	0/1	23	11	34	0.3235294117647059	synthetic_snv_indel_100.vcf	CFTR:frameshift_variant:HIGH:ENST00000003084.11:c.289_293del:p.Glu93fs
102	ERR031940_S1	chr13	220203	rsTEST000087	TACGT	T	DELETION	GRCh38	141.19	PASS	0/1	20	12	32	0.375	synthetic_snv_indel_100.vcf	DMD:frameshift_variant:HIGH:ENST00000357033.9:c.361_365del:p.Glu117fs
37	ERR031940_S1	chr14	130338	rsTEST000022	G	C	SNV	GRCh38	462.14	PASS	0/1	56	31	87	0.3563218390804598	synthetic_snv_indel_100.vcf	TP53:5_prime_UTR_variant:MODIFIER:ENST00000269305.9:c.166G>C:p.Thr52Val
61	ERR031940_S1	chr14	163480	rsTEST000046	G	C	SNV	GRCh38	879.02	PASS	0/1	52	33	85	0.38823529411764707	synthetic_snv_indel_100.vcf	LDLR:5_prime_UTR_variant:MODIFIER:ENST00000558518.6:c.238G>C:p.Thr76Val
85	ERR031940_S1	chr14	196622	rsTEST000070	G	C	SNV	GRCh38	1295.9	PASS	1/1	1	82	83	0.9879518072289156	synthetic_snv_indel_100.vcf	FBN1:5_prime_UTR_variant:MODIFIER:ENST00000316623.10:c.310G>C:p.Thr100Val
109	ERR031940_S1	chr14	229764	rsTEST000094	G	C	SNV	GRCh38	262.78	PASS	0/1	51	30	81	0.37037037037037035	synthetic_snv_indel_100.vcf	TSC2:5_prime_UTR_variant:MODIFIER:ENST00000219476.8:c.382G>C:p.Thr124Val
20	ERR031940_S1	chr15	107010	rsTEST000005	C	T	SNV	GRCh38	166.85	PASS	1/1	2	51	53	0.9622641509433962	synthetic_snv_indel_100.vcf	MYH7:3_prime_UTR_variant:MODIFIER:ENST00000355349.8:c.115C>T:p.Asp35Arg
44	ERR031940_S1	chr15	140152	rsTEST000029	C	T	SNV	GRCh38	583.73	PASS	0/1	33	18	51	0.35294117647058826	synthetic_snv_indel_100.vcf	PAH:3_prime_UTR_variant:MODIFIER:ENST00000553106.6:c.187C>T:p.Asp59Arg
68	ERR031940_S1	chr15	173294	rsTEST000053	C	T	SNV	GRCh38	1000.61	PASS	0/1	30	19	49	0.3877551020408163	synthetic_snv_indel_100.vcf	MECP2:3_prime_UTR_variant:MODIFIER:ENST00000303391.10:c.259C>T:p.Asp83Arg
92	ERR031940_S1	chr15	206183	rsTEST000077	C	T	SNV	GRCh38	1417.49	PASS	0/1	31	16	47	0.3404255319148936	synthetic_snv_indel_100.vcf	KRAS:3_prime_UTR_variant:MODIFIER:ENST00000256078.9:c.331C>T:p.Asp107Arg
27	ERR031940_S1	chr16	116571	rsTEST000012	A	AA	INSERTION	GRCh38	288.44	PASS	0/1	62	40	102	0.39215686274509803	synthetic_snv_indel_100.vcf	GBA1:frameshift_variant:HIGH:ENST00000368373.8:c.136_137insA:p.Lys42fs
51	ERR031940_S1	chr16	149713	rsTEST000036	A	AA	INSERTION	GRCh38	705.32	PASS	0/1	64	36	100	0.36	synthetic_snv_indel_100.vcf	EGFR:frameshift_variant:HIGH:ENST00000275493.7:c.208_209insA:p.Lys66fs
75	ERR031940_S1	chr16	182855	rsTEST000060	A	AA	INSERTION	GRCh38	1122.2	PASS	1/1	0	98	98	1.0	synthetic_snv_indel_100.vcf	BRCA1:frameshift_variant:HIGH:ENST00000357654.9:c.280_281insA:p.Lys90fs
99	ERR031940_S1	chr16	215997	rsTEST000084	A	AA	INSERTION	GRCh38	89.08	PASS	0/1	63	33	96	0.34375	synthetic_snv_indel_100.vcf	APOE:frameshift_variant:HIGH:ENST00000252486.9:c.352_353insA:p.Lys114fs
34	ERR031940_S1	chr17	126385	rsTEST000019	TACGT	T	DELETION	GRCh38	410.03	PASS	0/1	40	26	66	0.3939393939393939	synthetic_snv_indel_100.vcf	ALK:frameshift_variant:HIGH:ENST00000389048.8:c.157_161del:p.Glu49fs
58	ERR031940_S1	chr17	159527	rsTEST000043	TACGT	T	DELETION	GRCh38	826.91	PASS	0/1	41	23	64	0.359375	synthetic_snv_indel_100.vcf	CFTR:frameshift_variant:HIGH:ENST00000003084.11:c.229_233del:p.Glu73fs
82	ERR031940_S1	chr17	192416	rsTEST000067	TACGT	T	DELETION	GRCh38	1243.79	PASS	0/1	38	24	62	0.3870967741935484	synthetic_snv_indel_100.vcf	DMD:frameshift_variant:HIGH:ENST00000357033.9:c.301_305del:p.Glu97fs
106	ERR031940_S1	chr17	225558	rsTEST000091	TACGT	T	DELETION	GRCh38	210.67	CNN_1D_INDEL_Tranche_99.40_100.00	0/1	39	21	60	0.35	synthetic_snv_indel_100.vcf	COL1A1:frameshift_variant:HIGH:ENST00000225964.10:c.373_377del:p.Glu121fs
17	ERR031940_S1	chr18	102804	rsTEST000002	G	T	SNV	GRCh38	114.74	PASS	0/1	21	11	32	0.34375	synthetic_snv_indel_100.vcf	TP53:stop_gained:HIGH:ENST00000269305.9:c.106G>T:p.Arg32*
41	ERR031940_S1	chr18	135946	rsTEST000026	G	T	SNV	GRCh38	531.62	LowQual	0/1	19	11	30	0.36666666666666664	synthetic_snv_indel_100.vcf	LDLR:stop_gained:HIGH:ENST00000558518.6:c.178G>T:p.Arg56*
65	ERR031940_S1	chr18	169088	rsTEST000050	G	T	SNV	GRCh38	948.5	PASS	1/1	2	26	28	0.9285714285714286	synthetic_snv_indel_100.vcf	FBN1:stop_gained:HIGH:ENST00000316623.10:c.250G>T:p.Arg80*
89	ERR031940_S1	chr18	202230	rsTEST000074	G	T	SNV	GRCh38	1365.38	PASS	0/1	16	10	26	0.38461538461538464	synthetic_snv_indel_100.vcf	TSC2:stop_gained:HIGH:ENST00000219476.8:c.322G>T:p.Arg104*
113	ERR031940_S1	chr18	235372	rsTEST000098	G	T	SNV	GRCh38	332.26	PASS	0/1	16	8	24	0.3333333333333333	synthetic_snv_indel_100.vcf	BRAF:stop_gained:HIGH:ENST00000646891.2:c.394G>T:p.Arg128*
24	ERR031940_S1	chr19	112618	rsTEST000009	C	A	SNV	GRCh38	236.33	PASS	0/1	52	29	81	0.35802469135802467	synthetic_snv_indel_100.vcf	PAH:splice_region_variant:LOW:ENST00000553106.6:c.127C>A:p.Ser39Tyr
48	ERR031940_S1	chr19	145507	rsTEST000033	C	A	SNV	GRCh38	653.21	PASS	0/1	48	31	79	0.3924050632911392	synthetic_snv_indel_100.vcf	MECP2:splice_region_variant:LOW:ENST00000303391.10:c.199C>A:p.Ser63Tyr
72	ERR031940_S1	chr19	178649	rsTEST000057	C	A	SNV	GRCh38	1070.09	PASS	0/1	50	27	77	0.35064935064935066	synthetic_snv_indel_100.vcf	KRAS:splice_region_variant:LOW:ENST00000256078.9:c.271C>A:p.Ser87Tyr
96	ERR031940_S1	chr19	211791	rsTEST000081	C	A	SNV	GRCh38	1486.97	PASS	0/1	46	29	75	0.38666666666666666	synthetic_snv_indel_100.vcf	BRCA2:splice_region_variant:LOW:ENST00000380152.8:c.343C>A:p.Ser111Tyr
25	ERR031940_S1	chr2	114020	rsTEST000010	G	C	SNV	GRCh38	253.7	PASS	1/1	1	87	88	0.9886363636363636	synthetic_snv_indel_100.vcf	FBN1:5_prime_UTR_variant:MODIFIER:ENST00000316623.10:c.130G>C:p.Thr40Val
49	ERR031940_S1	chr2	146909	rsTEST000034	G	C	SNV	GRCh38	670.58	PASS	0/1	51	35	86	0.4069767441860465	synthetic_snv_indel_100.vcf	TSC2:5_prime_UTR_variant:MODIFIER:ENST00000219476.8:c.202G>C:p.Thr64Val
73	ERR031940_S1	chr2	180051	rsTEST000058	G	C	SNV	GRCh38	1087.46	PASS	0/1	53	31	84	0.36904761904761907	synthetic_snv_indel_100.vcf	BRAF:5_prime_UTR_variant:MODIFIER:ENST00000646891.2:c.274G>C:p.Thr88Val
97	ERR031940_S1	chr2	213193	rsTEST000082	G	C	SNV	GRCh38	1504.34	PASS	0/1	50	32	82	0.3902439024390244	synthetic_snv_indel_100.vcf	TP53:5_prime_UTR_variant:MODIFIER:ENST00000269305.9:c.346G>C:p.Thr112Val
31	ERR031940_S1	chr20	122179	rsTEST000016	A	AAC	INSERTION	GRCh38	357.92	PASS	0/1	29	16	45	0.35555555555555557	synthetic_snv_indel_100.vcf	EGFR:frameshift_variant:HIGH:ENST00000275493.7:c.148_149insAC:p.Lys46fs
55	ERR031940_S1	chr20	155321	rsTEST000040	A	AAC	INSERTION	GRCh38	774.8	PASS	1/1	1	42	43	0.9767441860465116	synthetic_snv_indel_100.vcf	BRCA1:frameshift_variant:HIGH:ENST00000357654.9:c.220_221insAC:p.Lys70fs
79	ERR031940_S1	chr20	188463	rsTEST000064	A	AAC	INSERTION	GRCh38	1191.68	PASS	0/1	27	14	41	0.34146341463414637	synthetic_snv_indel_100.vcf	APOE:frameshift_variant:HIGH:ENST00000252486.9:c.292_293insAC:p.Lys94fs
103	ERR031940_S1	chr20	221352	rsTEST000088	A	AAC	INSERTION	GRCh38	158.56	PASS	0/1	24	15	39	0.38461538461538464	synthetic_snv_indel_100.vcf	HTT:frameshift_variant:HIGH:ENST00000355072.10:c.364_365insAC:p.Lys118fs
38	ERR031940_S1	chr21	131740	rsTEST000023	TACGT	T	DELETION	GRCh38	479.51	PASS	0/1	60	34	94	0.3617021276595745	synthetic_snv_indel_100.vcf	CFTR:frameshift_variant:HIGH:ENST00000003084.11:c.169_173del:p.Glu53fs
62	ERR031940_S1	chr21	164882	rsTEST000047	TACGT	T	DELETION	GRCh38	896.39	PASS	0/1	56	36	92	0.391304347826087	synthetic_snv_indel_100.vcf	DMD:frameshift_variant:HIGH:ENST00000357033.9:c.241_245del:p.Glu77fs
86	ERR031940_S1	chr21	198024	rsTEST000071	TACGT	T	DELETION	GRCh38	1313.27	PASS	0/1	58	32	90	0.35555555555555557	synthetic_snv_indel_100.vcf	COL1A1:frameshift_variant:HIGH:ENST00000225964.10:c.313_317del:p.Glu101fs
110	ERR031940_S1	chr21	231166	rsTEST000095	TACGT	T	DELETION	GRCh38	280.15	PASS	1/1	2	86	88	0.9772727272727273	synthetic_snv_indel_100.vcf	PARK2:frameshift_variant:HIGH:ENST00000366898.5:c.385_389del:p.Glu125fs
21	ERR031940_S1	chr22	108412	rsTEST000006	G	A	SNV	GRCh38	184.22	PASS	0/1	36	24	60	0.4	synthetic_snv_indel_100.vcf	LDLR:missense_variant:MODERATE:ENST00000558518.6:c.118G>A:p.Ala36Leu
45	ERR031940_S1	chr22	141554	rsTEST000030	G	A	SNV	GRCh38	601.1	PASS	1/1	0	58	58	1.0	synthetic_snv_indel_100.vcf	FBN1:missense_variant:MODERATE:ENST00000316623.10:c.190G>A:p.Ala60Leu
69	ERR031940_S1	chr22	174696	rsTEST000054	G	A	SNV	GRCh38	1017.98	PASS	0/1	34	22	56	0.39285714285714285	synthetic_snv_indel_100.vcf	TSC2:missense_variant:MODERATE:ENST00000219476.8:c.262G>A:p.Ala84Leu
93	ERR031940_S1	chr22	207585	rsTEST000078	G	A	SNV	GRCh38	1434.86	LowQual	0/1	35	19	54	0.35185185185185186	synthetic_snv_indel_100.vcf	BRAF:missense_variant:MODERATE:ENST00000646891.2:c.334G>A:p.Ala108Leu
32	ERR031940_S1	chr3	123581	rsTEST000017	C	T	SNV	GRCh38	375.29	PASS	0/1	33	19	52	0.36538461538461536	synthetic_snv_indel_100.vcf	KRAS:3_prime_UTR_variant:MODIFIER:ENST00000256078.9:c.151C>T:p.Asp47Arg
56	ERR031940_S1	chr3	156723	rsTEST000041	C	T	SNV	GRCh38	792.17	PASS	0/1	30	20	50	0.4	synthetic_snv_indel_100.vcf	BRCA2:3_prime_UTR_variant:MODIFIER:ENST00000380152.8:c.223C>T:p.Asp71Arg
80	ERR031940_S1	chr3	189865	rsTEST000065	C	T	SNV	GRCh38	1209.05	LowQual	1/1	2	46	48	0.9583333333333334	synthetic_snv_indel_100.vcf	MYH7:3_prime_UTR_variant:MODIFIER:ENST00000355349.8:c.295C>T:p.Asp95Arg
104	ERR031940_S1	chr3	222754	rsTEST000089	C	T	SNV	GRCh38	175.93	PASS	0/1	28	18	46	0.391304347826087	synthetic_snv_indel_100.vcf	PAH:3_prime_UTR_variant:MODIFIER:ENST00000553106.6:c.367C>T:p.Asp119Arg
39	ERR031940_S1	chr4	133142	rsTEST000024	A	AA	INSERTION	GRCh38	496.88	PASS	0/1	63	38	101	0.37623762376237624	synthetic_snv_indel_100.vcf	APOE:frameshift_variant:HIGH:ENST00000252486.9:c.172_173insA:p.Lys54fs
63	ERR031940_S1	chr4	166284	rsTEST000048	A	AA	INSERTION	GRCh38	913.76	PASS	0/1	59	40	99	0.40404040404040403	synthetic_snv_indel_100.vcf	HTT:frameshift_variant:HIGH:ENST00000355072.10:c.244_245insA:p.Lys78fs
87	ERR031940_S1	chr4	199426	rsTEST000072	A	AA	INSERTION	GRCh38	1330.64	PASS	0/1	62	35	97	0.36082474226804123	synthetic_snv_indel_100.vcf	GBA1:frameshift_variant:HIGH:ENST00000368373.8:c.316_317insA:p.Lys102fs
111	ERR031940_S1	chr4	232568	rsTEST000096	A	AA	INSERTION	GRCh38	297.52	PASS	0/1	57	38	95	0.4	synthetic_snv_indel_100.vcf	EGFR:frameshift_variant:HIGH:ENST00000275493.7:c.388_389insA:p.Lys126fs
22	ERR031940_S1	chr5	109814	rsTEST000007	TACGT	T	DELETION	GRCh38	201.59	PASS	0/1	44	23	67	0.34328358208955223	synthetic_snv_indel_100.vcf	DMD:frameshift_variant:HIGH:ENST00000357033.9:c.121_125del:p.Glu37fs
46	ERR031940_S1	chr5	142956	rsTEST000031	TACGT	T	DELETION	GRCh38	618.47	PASS	0/1	41	24	65	0.36923076923076925	synthetic_snv_indel_100.vcf	COL1A1:frameshift_variant:HIGH:ENST00000225964.10:c.193_197del:p.Glu61fs
70	ERR031940_S1	chr5	175845	rsTEST000055	TACGT	T	DELETION	GRCh38	1035.35	PASS	1/1	1	62	63	0.9841269841269841	synthetic_snv_indel_100.vcf	PARK2:frameshift_variant:HIGH:ENST00000366898.5:c.265_269del:p.Glu85fs
94	ERR031940_S1	chr5	208987	rsTEST000079	TACGT	T	DELETION	GRCh38	1452.23	PASS	0/1	39	22	61	0.36065573770491804	synthetic_snv_indel_100.vcf	ALK:frameshift_variant:HIGH:ENST00000389048.8:c.337_341del:p.Glu109fs
29	ERR031940_S1	chr6	119375	rsTEST000014	G	T	SNV	GRCh38	323.18	PASS	0/1	21	10	31	0.3225806451612903	synthetic_snv_indel_100.vcf	TSC2:stop_gained:HIGH:ENST00000219476.8:c.142G>T:p.Arg44*
53	ERR031940_S1	chr6	152517	rsTEST000038	G	T	SNV	GRCh38	740.06	PASS	0/1	18	11	29	0.3793103448275862	synthetic_snv_indel_100.vcf	BRAF:stop_gained:HIGH:ENST00000646891.2:c.214G>T:p.Arg68*
77	ERR031940_S1	chr6	185659	rsTEST000062	G	T	SNV	GRCh38	1156.94	PASS	0/1	16	11	27	0.4074074074074074	synthetic_snv_indel_100.vcf	TP53:stop_gained:HIGH:ENST00000269305.9:c.286G>T:p.Arg92*
101	ERR031940_S1	chr6	218801	rsTEST000086	G	T	SNV	GRCh38	123.82	PASS	0/1	16	9	25	0.36	synthetic_snv_indel_100.vcf	LDLR:stop_gained:HIGH:ENST00000558518.6:c.358G>T:p.Arg116*
36	ERR031940_S1	chr7	129189	rsTEST000021	C	A	SNV	GRCh38	444.77	PASS	0/1	52	28	80	0.35	synthetic_snv_indel_100.vcf	BRCA2:splice_region_variant:LOW:ENST00000380152.8:c.163C>A:p.Ser51Tyr
60	ERR031940_S1	chr7	162078	rsTEST000045	C	A	SNV	GRCh38	861.65	PASS	1/1	0	78	78	1.0	synthetic_snv_indel_100.vcf	MYH7:splice_region_variant:LOW:ENST00000355349.8:c.235C>A:p.Ser75Tyr
84	ERR031940_S1	chr7	195220	rsTEST000069	C	A	SNV	GRCh38	1278.53	PASS	0/1	45	31	76	0.40789473684210525	synthetic_snv_indel_100.vcf	PAH:splice_region_variant:LOW:ENST00000553106.6:c.307C>A:p.Ser99Tyr
108	ERR031940_S1	chr7	228362	rsTEST000093	C	A	SNV	GRCh38	245.41	PASS	0/1	47	27	74	0.36486486486486486	synthetic_snv_indel_100.vcf	MECP2:splice_region_variant:LOW:ENST00000303391.10:c.379C>A:p.Ser123Tyr
19	ERR031940_S1	chr8	105608	rsTEST000004	A	AAC	INSERTION	GRCh38	149.48	PASS	0/1	29	17	46	0.3695652173913043	synthetic_snv_indel_100.vcf	APOE:frameshift_variant:HIGH:ENST00000252486.9:c.112_113insAC:p.Lys34fs
43	ERR031940_S1	chr8	138750	rsTEST000028	A	AAC	INSERTION	GRCh38	566.36	PASS	0/1	29	15	44	0.3409090909090909	synthetic_snv_indel_100.vcf	HTT:frameshift_variant:HIGH:ENST00000355072.10:c.184_185insAC:p.Lys58fs
67	ERR031940_S1	chr8	171892	rsTEST000052	A	AAC	INSERTION	GRCh38	983.24	CNN_1D_INDEL_Tranche_99.40_100.00	0/1	27	15	42	0.35714285714285715	synthetic_snv_indel_100.vcf	GBA1:frameshift_variant:HIGH:ENST00000368373.8:c.256_257insAC:p.Lys82fs
91	ERR031940_S1	chr8	205034	rsTEST000076	A	AAC	INSERTION	GRCh38	1400.12	PASS	0/1	24	16	40	0.4	synthetic_snv_indel_100.vcf	EGFR:frameshift_variant:HIGH:ENST00000275493.7:c.328_329insAC:p.Lys106fs
115	ERR031940_S1	chr8	237923	rsTEST000100	A	AAC	INSERTION	GRCh38	367.0	PASS	1/1	1	37	38	0.9736842105263158	synthetic_snv_indel_100.vcf	BRCA1:frameshift_variant:HIGH:ENST00000357654.9:c.400_401insAC:p.Lys130fs
26	ERR031940_S1	chr9	115169	rsTEST000011	TACGT	T	DELETION	GRCh38	271.07	PASS	0/1	58	37	95	0.3894736842105263	synthetic_snv_indel_100.vcf	COL1A1:frameshift_variant:HIGH:ENST00000225964.10:c.133_137del:p.Glu41fs
50	ERR031940_S1	chr9	148311	rsTEST000035	TACGT	T	DELETION	GRCh38	687.95	PASS	1/1	2	91	93	0.978494623655914	synthetic_snv_indel_100.vcf	PARK2:frameshift_variant:HIGH:ENST00000366898.5:c.205_209del:p.Glu65fs
74	ERR031940_S1	chr9	181453	rsTEST000059	TACGT	T	DELETION	GRCh38	1104.83	PASS	0/1	57	34	91	0.37362637362637363	synthetic_snv_indel_100.vcf	ALK:frameshift_variant:HIGH:ENST00000389048.8:c.277_281del:p.Glu89fs
98	ERR031940_S1	chr9	214595	rsTEST000083	TACGT	T	DELETION	GRCh38	1521.71	PASS	0/1	53	36	89	0.4044943820224719	synthetic_snv_indel_100.vcf	CFTR:frameshift_variant:HIGH:ENST00000003084.11:c.349_353del:p.Glu113fs
28	ERR031940_S1	chrX	117973	rsTEST000013	C	G	SNV	GRCh38	305.81	LowQual	0/1	15	9	24	0.375	synthetic_snv_indel_100.vcf	MECP2:synonymous_variant:LOW:ENST00000303391.10:c.139C>G:p.Gly43Gly
52	ERR031940_S1	chrX	151115	rsTEST000037	C	G	SNV	GRCh38	722.69	PASS	0/1	14	8	22	0.36363636363636365	synthetic_snv_indel_100.vcf	KRAS:synonymous_variant:LOW:ENST00000256078.9:c.211C>G:p.Gly67Gly
76	ERR031940_S1	chrX	184257	rsTEST000061	C	G	SNV	GRCh38	1139.57	PASS	0/1	13	7	20	0.35	synthetic_snv_indel_100.vcf	BRCA2:synonymous_variant:LOW:ENST00000380152.8:c.283C>G:p.Gly91Gly
100	ERR031940_S1	chrX	217399	rsTEST000085	C	G	SNV	GRCh38	106.45	PASS	1/1	1	17	18	0.9444444444444444	synthetic_snv_indel_100.vcf	MYH7:synonymous_variant:LOW:ENST00000355349.8:c.355C>G:p.Gly115Gly
35	ERR031940_S1	chrY	127787	rsTEST000020	A	AACG	INSERTION	GRCh38	427.4	PASS	1/1	2	71	73	0.9726027397260274	synthetic_snv_indel_100.vcf	BRCA1:inframe_insertion:MODERATE:ENST00000357654.9:c.160_161insACG:p.Lys50_51ins
59	ERR031940_S1	chrY	160676	rsTEST000044	A	AACG	INSERTION	GRCh38	844.28	PASS	0/1	45	26	71	0.36619718309859156	synthetic_snv_indel_100.vcf	APOE:inframe_insertion:MODERATE:ENST00000252486.9:c.232_233insACG:p.Lys74_75ins
83	ERR031940_S1	chrY	193818	rsTEST000068	A	AACG	INSERTION	GRCh38	1261.16	PASS	0/1	42	27	69	0.391304347826087	synthetic_snv_indel_100.vcf	HTT:inframe_insertion:MODERATE:ENST00000355072.10:c.304_305insACG:p.Lys98_99ins
107	ERR031940_S1	chrY	226960	rsTEST000092	A	AACG	INSERTION	GRCh38	228.04	PASS	0/1	43	24	67	0.3582089552238806	synthetic_snv_indel_100.vcf	GBA1:inframe_insertion:MODERATE:ENST00000368373.8:c.376_377insACG:p.Lys122_123ins
