SMALL_VARIANT_ID	CHROMOSOME	POSITION	VARIANT_ID	REF_ALLELE	ALT_ALLELE	VARIANT_TYPE	GENOME_BUILD	NORMALIZED_KEY
1	chr1	69270	rs201219564	A	G	SNV	GRCh38	GRCh38|chr1|69270|A|G
2	chr1	69511	rs2691305	A	G	SNV	GRCh38	GRCh38|chr1|69511|A|G
3	chr1	69761	rs200505207	A	T	SNV	GRCh38	GRCh38|chr1|69761|A|T
4	chr1	69897	rs200676709	T	C	SNV	GRCh38	GRCh38|chr1|69897|T|C
5	chr1	941119	rs4372192	A	G	SNV	GRCh38	GRCh38|chr1|941119|A|G
6	chr1	946247	rs2272757	G	A	SNV	GRCh38	GRCh38|chr1|946247|G|A
7	chr1	952180	rs3748595	A	C	SNV	GRCh38	GRCh38|chr1|952180|A|C
8	chr1	952421	rs3828047	A	G	SNV	GRCh38	GRCh38|chr1|952421|A|G
9	chr1	953259	rs3748596	T	C	SNV	GRCh38	GRCh38|chr1|953259|T|C
10	chr1	953279	rs3748597	T	C	SNV	GRCh38	GRCh38|chr1|953279|T|C
11	chr1	953778	rs13303056	G	C	SNV	GRCh38	GRCh38|chr1|953778|G|C
12	chr1	953779	rs13302945	A	C	SNV	GRCh38	GRCh38|chr1|953779|A|C
13	chr1	959193	rs13303010	G	A	SNV	GRCh38	GRCh38|chr1|959193|G|A
14	chr1	961945	rs4970441	G	C	SNV	GRCh38	GRCh38|chr1|961945|G|C
15	chr1	965125	rs28705211	G	C	SNV	GRCh38	GRCh38|chr1|965125|G|C
