chr1	pos1	chr2	pos2	link_type	confidence	event_group_id	link_id	sample_test_result_id	patient_count	sample_count	event_count
chr1	73701012	chr6	160507490	TRANSLOCATION	COHORT	COHORT_chr1_chr6	96	0	1	2	2
chr1	219344625	chr10	89371041	TRANSLOCATION	COHORT	COHORT_chr1_chr10	78	0	1	2	2
chr1	195253525	chr12	57459545	TRANSLOCATION	COHORT	COHORT_chr1_chr12	148	0	1	1	2
chr1	129181590	chr22	26541859	TRANSLOCATION	COHORT	COHORT_chr1_chr22	85	0	1	2	2
chr2	82956380	chr5	100105870	TRANSLOCATION	COHORT	COHORT_chr2_chr5	72	0	1	2	2
chr2	126047771	chr9	107803697	TRANSLOCATION	COHORT	COHORT_chr2_chr9	117	0	1	1	2
chr2	227286141	chr15	64955993	TRANSLOCATION	COHORT	COHORT_chr2_chr15	89	0	1	2	2
chr3	153498737	chr8	102988810	TRANSLOCATION	COHORT	COHORT_chr3_chr8	91	0	1	2	2
chr3	79639839	chr14	66478540	TRANSLOCATION	COHORT	COHORT_chr3_chr14	128	0	1	1	2
chr4	20396986	chr5	101402455	TRANSLOCATION	COHORT	COHORT_chr4_chr5	125	0	1	2	2
chr4	39382837	chr15	20750814	TRANSLOCATION	COHORT	COHORT_chr4_chr15	68	0	1	1	2
chr5	86421377	chr10	72661137	TRANSLOCATION	COHORT	COHORT_chr5_chr10	136	0	1	2	2
chr5	106948117	chr20	39917149	TRANSLOCATION	COHORT	COHORT_chr5_chr20	77	0	1	1	2
chr6	82208077	chr7	44321882	TRANSLOCATION	COHORT	COHORT_chr6_chr7	105	0	1	2	2
chr6	90079321	chr9	46893357	TRANSLOCATION	COHORT	COHORT_chr6_chr9	112	0	1	2	2
chr6	54865237	chr13	68465031	TRANSLOCATION	COHORT	COHORT_chr6_chr13	157	0	1	1	2
chr7	69441609	chr18	53898956	TRANSLOCATION	COHORT	COHORT_chr7_chr18	168	0	1	1	2
chr8	93022519	chr19	29695371	TRANSLOCATION	COHORT	COHORT_chr8_chr19	108	0	1	1	2
chr9	105838493	chr18	38664778	TRANSLOCATION	COHORT	COHORT_chr9_chr18	69	0	1	2	2
chr10	70555655	chr11	40978364	TRANSLOCATION	COHORT	COHORT_chr10_chr11	145	0	1	2	2
chr10	35634935	chr21	37785430	TRANSLOCATION	COHORT	COHORT_chr10_chr21	88	0	1	1	2
chr11	26340215	chr12	45718868	TRANSLOCATION	COHORT	COHORT_chr11_chr12	74	0	1	2	2
chr12	77028619	chr17	42633383	TRANSLOCATION	COHORT	COHORT_chr12_chr17	107	0	1	2	2
chr13	74117349	chr16	37315585	TRANSLOCATION	COHORT	COHORT_chr13_chr16	83	0	1	2	2
chr14	63572686	chr19	28193537	TRANSLOCATION	COHORT	COHORT_chr14_chr19	102	0	1	2	2
chr15	53554313	chr16	77201170	TRANSLOCATION	COHORT	COHORT_chr15_chr16	114	0	1	2	2
chr16	42381749	chr21	9300752	TRANSLOCATION	COHORT	COHORT_chr16_chr21	147	0	1	2	2
chr17	41487919	chr18	43599950	TRANSLOCATION	COHORT	COHORT_chr17_chr18	94	0	1	2	2
chr17	53610905	chr20	13028166	TRANSLOCATION	COHORT	COHORT_chr17_chr20	123	0	1	2	2
chr21	23221063	chr22	30403684	TRANSLOCATION	COHORT	COHORT_chr21_chr22	134	0	1	2	2
chr1	173265178	chr4	20587897	TRANSLOCATION	COHORT	COHORT_chr1_chr4	143	0	1	1	1
chr1	15314223	chr18	73234004	TRANSLOCATION	COHORT	COHORT_chr1_chr18	142	0	1	1	1
chr1	108171227	chr20	11745171	TRANSLOCATION	COHORT	COHORT_chr1_chr20	95	0	1	1	1
chr2	130079692	chr3	134827763	TRANSLOCATION	COHORT	COHORT_chr2_chr3	104	0	1	1	1
chr2	52490548	chr11	50357236	TRANSLOCATION	COHORT	COHORT_chr2_chr11	120	0	1	1	1
chr2	29725158	chr17	65888869	TRANSLOCATION	COHORT	COHORT_chr2_chr17	181	0	1	1	1
chr2	113432184	chr19	37684598	TRANSLOCATION	COHORT	COHORT_chr2_chr19	71	0	1	1	1
chr2	169683303	chr21	25231986	TRANSLOCATION	COHORT	COHORT_chr2_chr21	163	0	1	1	1
chr3	111230004	chr4	54759895	TRANSLOCATION	COHORT	COHORT_chr3_chr4	174	0	1	1	1
chr3	11398088	chr6	11796342	TRANSLOCATION	COHORT	COHORT_chr3_chr6	86	0	1	1	1
chr3	97645384	chr10	65594838	TRANSLOCATION	COHORT	COHORT_chr3_chr10	81	0	1	1	1
chr3	11208601	chr18	13274296	TRANSLOCATION	COHORT	COHORT_chr3_chr18	110	0	1	1	1
chr3	124672778	chr20	30486590	TRANSLOCATION	COHORT	COHORT_chr3_chr20	187	0	1	1	1
chr3	123633362	chr22	13298090	TRANSLOCATION	COHORT	COHORT_chr3_chr22	155	0	1	1	1
chr4	21720542	chr11	34965939	TRANSLOCATION	COHORT	COHORT_chr4_chr11	97	0	1	1	1
chr4	90655793	chr13	69693040	TRANSLOCATION	COHORT	COHORT_chr4_chr13	100	0	1	1	1
chr4	37695266	chr17	54731833	TRANSLOCATION	COHORT	COHORT_chr4_chr17	149	0	1	1	1
chr4	21328747	chr21	30277059	TRANSLOCATION	COHORT	COHORT_chr4_chr21	116	0	1	1	1
chr5	103854806	chr8	59598965	TRANSLOCATION	COHORT	COHORT_chr5_chr8	183	0	1	1	1
chr5	12045753	chr14	75293258	TRANSLOCATION	COHORT	COHORT_chr5_chr14	118	0	1	1	1
chr5	172140043	chr22	29581534	TRANSLOCATION	COHORT	COHORT_chr5_chr22	182	0	1	1	1
chr6	155725608	chr11	68124880	TRANSLOCATION	COHORT	COHORT_chr6_chr11	87	0	1	1	1
chr6	24632494	chr15	88048013	TRANSLOCATION	COHORT	COHORT_chr6_chr15	160	0	1	1	1
chr6	104295318	chr19	48708492	TRANSLOCATION	COHORT	COHORT_chr6_chr19	129	0	1	1	1
chr7	44309855	chr8	118921790	TRANSLOCATION	COHORT	COHORT_chr7_chr8	73	0	1	1	1
chr7	155342812	chr10	113346704	TRANSLOCATION	COHORT	COHORT_chr7_chr10	126	0	1	1	1
chr7	91465411	chr12	37843739	TRANSLOCATION	COHORT	COHORT_chr7_chr12	131	0	1	1	1
chr7	54479065	chr14	21042821	TRANSLOCATION	COHORT	COHORT_chr7_chr14	121	0	1	1	1
chr7	67718092	chr16	41804296	TRANSLOCATION	COHORT	COHORT_chr7_chr16	98	0	1	1	1
chr7	27278847	chr20	31193273	TRANSLOCATION	COHORT	COHORT_chr7_chr20	80	0	1	1	1
chr7	155153325	chr22	33441771	TRANSLOCATION	COHORT	COHORT_chr7_chr22	150	0	1	1	1
chr8	49637660	chr9	12650147	TRANSLOCATION	COHORT	COHORT_chr8_chr9	165	0	1	1	1
chr8	62059714	chr11	118819686	TRANSLOCATION	COHORT	COHORT_chr8_chr11	92	0	1	1	1
chr8	91983521	chr13	9487619	TRANSLOCATION	COHORT	COHORT_chr8_chr13	82	0	1	1	1
chr8	94241030	chr15	80430643	TRANSLOCATION	COHORT	COHORT_chr8_chr15	137	0	1	1	1
chr8	37388927	chr17	59095076	TRANSLOCATION	COHORT	COHORT_chr8_chr17	140	0	1	1	1
chr9	89206816	chr12	46058568	TRANSLOCATION	COHORT	COHORT_chr9_chr12	106	0	1	1	1
chr9	41803579	chr14	69272118	TRANSLOCATION	COHORT	COHORT_chr9_chr14	176	0	1	1	1
chr9	118888817	chr16	36946911	TRANSLOCATION	COHORT	COHORT_chr9_chr16	101	0	1	1	1
chr10	92403999	chr13	104666339	TRANSLOCATION	COHORT	COHORT_chr10_chr13	152	0	1	1	1
chr10	102710797	chr15	63465251	TRANSLOCATION	COHORT	COHORT_chr10_chr15	127	0	1	1	1
chr11	82324217	chr14	67341531	TRANSLOCATION	COHORT	COHORT_chr11_chr14	166	0	1	1	1
chr11	133537619	chr16	32627414	TRANSLOCATION	COHORT	COHORT_chr11_chr16	171	0	1	1	1
chr11	32611938	chr18	39613768	TRANSLOCATION	COHORT	COHORT_chr11_chr18	161	0	1	1	1
chr11	16702045	chr20	59001936	TRANSLOCATION	COHORT	COHORT_chr11_chr20	138	0	1	1	1
chr12	30336993	chr15	43822888	TRANSLOCATION	COHORT	COHORT_chr12_chr15	132	0	1	1	1
chr12	131347902	chr19	5867861	TRANSLOCATION	COHORT	COHORT_chr12_chr19	177	0	1	1	1
chr12	108309068	chr21	38651454	TRANSLOCATION	COHORT	COHORT_chr12_chr21	180	0	1	1	1
chr13	29241951	chr14	98385347	TRANSLOCATION	COHORT	COHORT_chr13_chr14	93	0	1	1	1
chr13	71463224	chr20	52836964	TRANSLOCATION	COHORT	COHORT_chr13_chr20	141	0	1	1	1
chr13	43199357	chr22	31235807	TRANSLOCATION	COHORT	COHORT_chr13_chr22	109	0	1	1	1
chr14	13081121	chr15	12339696	TRANSLOCATION	COHORT	COHORT_chr14_chr15	185	0	1	1	1
chr14	63694934	chr17	6118627	TRANSLOCATION	COHORT	COHORT_chr14_chr17	75	0	1	1	1
chr14	83244985	chr21	3562186	TRANSLOCATION	COHORT	COHORT_chr14_chr21	70	0	1	1	1
chr16	61132798	chr19	21696170	TRANSLOCATION	COHORT	COHORT_chr16_chr19	172	0	1	1	1
chr17	1416302	chr22	27623307	TRANSLOCATION	COHORT	COHORT_chr17_chr22	76	0	1	1	1
chr18	55574626	chr19	7120645	TRANSLOCATION	COHORT	COHORT_chr18_chr19	84	0	1	1	1
chr18	26794818	chr21	16847618	TRANSLOCATION	COHORT	COHORT_chr18_chr21	115	0	1	1	1
chr19	39664309	chr20	21926569	TRANSLOCATION	COHORT	COHORT_chr19_chr20	154	0	1	1	1
chr19	9240529	chr22	43388155	TRANSLOCATION	COHORT	COHORT_chr19_chr22	103	0	1	1	1
