segment_id	classification_label	guideline_system	guideline_version	evidence_score	evidence_summary	classified_by	review_status	clinical_significance	relevance_to_indication	interpretation_text	signed_out_status	signed_out_by	report_text	report_version	note_type	note_text	note_author
1	Likely Pathogenic	ACMG/ClinGen CNV	2020	0.95	Phase 2.6 demo evidence summary 1 for segment 1.	reviewer2	Ready for sign-out	Diagnostic	Demo relevance statement 1 for segment 1.	Demo interpretation text 1 for segment 1.	Signed out	director1	Phase 2.6 demo report text for clinical decision 1.	1	Reviewer note	Demo reviewer note 1; includes parental studies or dosage review when relevant.	reviewer2
2	VUS	ACMG/ClinGen CNV	2020	0.10	Phase 2.6 demo evidence summary 2 for segment 2.	reviewer3	Needs more evidence	Unclear relevance	Demo relevance statement 2 for segment 2.	Demo interpretation text 2 for segment 2.	In review	Pending	Not yet signed out.	1	Follow-up note	Demo follow-up note 2; includes parental studies or dosage review when relevant.	reviewer3
3	Likely Benign	ACMG/ClinGen CNV	2020	-0.45	Phase 2.6 demo evidence summary 3 for segment 3.	reviewer4	Draft	Not clinically relevant	Demo relevance statement 3 for segment 3.	Demo interpretation text 3 for segment 3.	Not started	Pending	Not yet signed out.	1	Evidence note	Demo evidence note 3; includes parental studies or dosage review when relevant.	reviewer4
1	Pathogenic	ACMG/ClinGen CNV	2020	1.00	Phase 2.6 demo evidence summary 4 for segment 1.	reviewer1	In review	Carrier	Demo relevance statement 4 for segment 1.	Demo interpretation text 4 for segment 1.	Signed out	director1	Phase 2.6 demo report text for clinical decision 4.	1	Sign-out note	Demo sign-out note 4; includes parental studies or dosage review when relevant.	reviewer1
2	Benign	ACMG/ClinGen CNV	2020	-0.90	Phase 2.6 demo evidence summary 5 for segment 2.	reviewer2	Signed out	Incidental	Demo relevance statement 5 for segment 2.	Demo interpretation text 5 for segment 2.	Amended	director1	Phase 2.6 demo report text for clinical decision 5.	1	Import note	Demo import note 5; includes parental studies or dosage review when relevant.	reviewer2
3	Likely Pathogenic	ACMG/ClinGen CNV	2020	0.95	Phase 2.6 demo evidence summary 6 for segment 3.	reviewer3	Ready for sign-out	Diagnostic	Demo relevance statement 6 for segment 3.	Demo interpretation text 6 for segment 3.	Signed out	director1	Phase 2.6 demo report text for clinical decision 6.	1	Reviewer note	Demo reviewer note 6; includes parental studies or dosage review when relevant.	reviewer3
1	VUS	ACMG/ClinGen CNV	2020	0.10	Phase 2.6 demo evidence summary 7 for segment 1.	reviewer4	Needs more evidence	Unclear relevance	Demo relevance statement 7 for segment 1.	Demo interpretation text 7 for segment 1.	In review	Pending	Not yet signed out.	1	Follow-up note	Demo follow-up note 7; includes parental studies or dosage review when relevant.	reviewer4
2	Likely Benign	ACMG/ClinGen CNV	2020	-0.45	Phase 2.6 demo evidence summary 8 for segment 2.	reviewer1	Draft	Not clinically relevant	Demo relevance statement 8 for segment 2.	Demo interpretation text 8 for segment 2.	Not started	Pending	Not yet signed out.	1	Evidence note	Demo evidence note 8; includes parental studies or dosage review when relevant.	reviewer1
3	Pathogenic	ACMG/ClinGen CNV	2020	1.00	Phase 2.6 demo evidence summary 9 for segment 3.	reviewer2	In review	Carrier	Demo relevance statement 9 for segment 3.	Demo interpretation text 9 for segment 3.	Signed out	director1	Phase 2.6 demo report text for clinical decision 9.	1	Sign-out note	Demo sign-out note 9; includes parental studies or dosage review when relevant.	reviewer2
1	Benign	ACMG/ClinGen CNV	2020	-0.90	Phase 2.6 demo evidence summary 10 for segment 1.	reviewer3	Signed out	Incidental	Demo relevance statement 10 for segment 1.	Demo interpretation text 10 for segment 1.	Amended	director1	Phase 2.6 demo report text for clinical decision 10.	1	Import note	Demo import note 10; includes parental studies or dosage review when relevant.	reviewer3
2	Likely Pathogenic	ACMG/ClinGen CNV	2020	0.95	Phase 2.6 demo evidence summary 11 for segment 2.	reviewer4	Ready for sign-out	Diagnostic	Demo relevance statement 11 for segment 2.	Demo interpretation text 11 for segment 2.	Signed out	director1	Phase 2.6 demo report text for clinical decision 11.	1	Reviewer note	Demo reviewer note 11; includes parental studies or dosage review when relevant.	reviewer4
3	VUS	ACMG/ClinGen CNV	2020	0.10	Phase 2.6 demo evidence summary 12 for segment 3.	reviewer1	Needs more evidence	Unclear relevance	Demo relevance statement 12 for segment 3.	Demo interpretation text 12 for segment 3.	In review	Pending	Not yet signed out.	1	Follow-up note	Demo follow-up note 12; includes parental studies or dosage review when relevant.	reviewer1
1	Likely Benign	ACMG/ClinGen CNV	2020	-0.45	Phase 2.6 demo evidence summary 13 for segment 1.	reviewer2	Draft	Not clinically relevant	Demo relevance statement 13 for segment 1.	Demo interpretation text 13 for segment 1.	Not started	Pending	Not yet signed out.	1	Evidence note	Demo evidence note 13; includes parental studies or dosage review when relevant.	reviewer2
2	Pathogenic	ACMG/ClinGen CNV	2020	1.00	Phase 2.6 demo evidence summary 14 for segment 2.	reviewer3	In review	Carrier	Demo relevance statement 14 for segment 2.	Demo interpretation text 14 for segment 2.	Signed out	director1	Phase 2.6 demo report text for clinical decision 14.	1	Sign-out note	Demo sign-out note 14; includes parental studies or dosage review when relevant.	reviewer3
3	Benign	ACMG/ClinGen CNV	2020	-0.90	Phase 2.6 demo evidence summary 15 for segment 3.	reviewer4	Signed out	Incidental	Demo relevance statement 15 for segment 3.	Demo interpretation text 15 for segment 3.	Amended	director1	Phase 2.6 demo report text for clinical decision 15.	1	Import note	Demo import note 15; includes parental studies or dosage review when relevant.	reviewer4
1	Likely Pathogenic	ACMG/ClinGen CNV	2020	0.95	Phase 2.6 demo evidence summary 16 for segment 1.	reviewer1	Ready for sign-out	Diagnostic	Demo relevance statement 16 for segment 1.	Demo interpretation text 16 for segment 1.	Signed out	director1	Phase 2.6 demo report text for clinical decision 16.	1	Reviewer note	Demo reviewer note 16; includes parental studies or dosage review when relevant.	reviewer1
2	VUS	ACMG/ClinGen CNV	2020	0.10	Phase 2.6 demo evidence summary 17 for segment 2.	reviewer2	Needs more evidence	Unclear relevance	Demo relevance statement 17 for segment 2.	Demo interpretation text 17 for segment 2.	In review	Pending	Not yet signed out.	1	Follow-up note	Demo follow-up note 17; includes parental studies or dosage review when relevant.	reviewer2
3	Likely Benign	ACMG/ClinGen CNV	2020	-0.45	Phase 2.6 demo evidence summary 18 for segment 3.	reviewer3	Draft	Not clinically relevant	Demo relevance statement 18 for segment 3.	Demo interpretation text 18 for segment 3.	Not started	Pending	Not yet signed out.	1	Evidence note	Demo evidence note 18; includes parental studies or dosage review when relevant.	reviewer3
1	Pathogenic	ACMG/ClinGen CNV	2020	1.00	Phase 2.6 demo evidence summary 19 for segment 1.	reviewer4	In review	Carrier	Demo relevance statement 19 for segment 1.	Demo interpretation text 19 for segment 1.	Signed out	director1	Phase 2.6 demo report text for clinical decision 19.	1	Sign-out note	Demo sign-out note 19; includes parental studies or dosage review when relevant.	reviewer4
2	Benign	ACMG/ClinGen CNV	2020	-0.90	Phase 2.6 demo evidence summary 20 for segment 2.	reviewer1	Signed out	Incidental	Demo relevance statement 20 for segment 2.	Demo interpretation text 20 for segment 2.	Amended	director1	Phase 2.6 demo report text for clinical decision 20.	1	Import note	Demo import note 20; includes parental studies or dosage review when relevant.	reviewer1
3	Likely Pathogenic	ACMG/ClinGen CNV	2020	0.95	Phase 2.6 demo evidence summary 21 for segment 3.	reviewer2	Ready for sign-out	Diagnostic	Demo relevance statement 21 for segment 3.	Demo interpretation text 21 for segment 3.	Signed out	director1	Phase 2.6 demo report text for clinical decision 21.	1	Reviewer note	Demo reviewer note 21; includes parental studies or dosage review when relevant.	reviewer2
1	VUS	ACMG/ClinGen CNV	2020	0.10	Phase 2.6 demo evidence summary 22 for segment 1.	reviewer3	Needs more evidence	Unclear relevance	Demo relevance statement 22 for segment 1.	Demo interpretation text 22 for segment 1.	In review	Pending	Not yet signed out.	1	Follow-up note	Demo follow-up note 22; includes parental studies or dosage review when relevant.	reviewer3
2	Likely Benign	ACMG/ClinGen CNV	2020	-0.45	Phase 2.6 demo evidence summary 23 for segment 2.	reviewer4	Draft	Not clinically relevant	Demo relevance statement 23 for segment 2.	Demo interpretation text 23 for segment 2.	Not started	Pending	Not yet signed out.	1	Evidence note	Demo evidence note 23; includes parental studies or dosage review when relevant.	reviewer4
3	Pathogenic	ACMG/ClinGen CNV	2020	1.00	Phase 2.6 demo evidence summary 24 for segment 3.	reviewer1	In review	Carrier	Demo relevance statement 24 for segment 3.	Demo interpretation text 24 for segment 3.	Signed out	director1	Phase 2.6 demo report text for clinical decision 24.	1	Sign-out note	Demo sign-out note 24; includes parental studies or dosage review when relevant.	reviewer1
1	Benign	ACMG/ClinGen CNV	2020	-0.90	Phase 2.6 demo evidence summary 25 for segment 1.	reviewer2	Signed out	Incidental	Demo relevance statement 25 for segment 1.	Demo interpretation text 25 for segment 1.	Amended	director1	Phase 2.6 demo report text for clinical decision 25.	1	Import note	Demo import note 25; includes parental studies or dosage review when relevant.	reviewer2
2	Likely Pathogenic	ACMG/ClinGen CNV	2020	0.95	Phase 2.6 demo evidence summary 26 for segment 2.	reviewer3	Ready for sign-out	Diagnostic	Demo relevance statement 26 for segment 2.	Demo interpretation text 26 for segment 2.	Signed out	director1	Phase 2.6 demo report text for clinical decision 26.	2	Reviewer note	Demo reviewer note 26; includes parental studies or dosage review when relevant.	reviewer3
3	VUS	ACMG/ClinGen CNV	2020	0.10	Phase 2.6 demo evidence summary 27 for segment 3.	reviewer4	Needs more evidence	Unclear relevance	Demo relevance statement 27 for segment 3.	Demo interpretation text 27 for segment 3.	In review	Pending	Not yet signed out.	2	Follow-up note	Demo follow-up note 27; includes parental studies or dosage review when relevant.	reviewer4
1	Likely Benign	ACMG/ClinGen CNV	2020	-0.45	Phase 2.6 demo evidence summary 28 for segment 1.	reviewer1	Draft	Not clinically relevant	Demo relevance statement 28 for segment 1.	Demo interpretation text 28 for segment 1.	Not started	Pending	Not yet signed out.	2	Evidence note	Demo evidence note 28; includes parental studies or dosage review when relevant.	reviewer1
2	Pathogenic	ACMG/ClinGen CNV	2020	1.00	Phase 2.6 demo evidence summary 29 for segment 2.	reviewer2	In review	Carrier	Demo relevance statement 29 for segment 2.	Demo interpretation text 29 for segment 2.	Signed out	director1	Phase 2.6 demo report text for clinical decision 29.	2	Sign-out note	Demo sign-out note 29; includes parental studies or dosage review when relevant.	reviewer2
3	Benign	ACMG/ClinGen CNV	2020	-0.90	Phase 2.6 demo evidence summary 30 for segment 3.	reviewer3	Signed out	Incidental	Demo relevance statement 30 for segment 3.	Demo interpretation text 30 for segment 3.	Amended	director1	Phase 2.6 demo report text for clinical decision 30.	2	Import note	Demo import note 30; includes parental studies or dosage review when relevant.	reviewer3
1	Likely Pathogenic	ACMG/ClinGen CNV	2020	0.95	Phase 2.6 demo evidence summary 31 for segment 1.	reviewer4	Ready for sign-out	Diagnostic	Demo relevance statement 31 for segment 1.	Demo interpretation text 31 for segment 1.	Signed out	director1	Phase 2.6 demo report text for clinical decision 31.	2	Reviewer note	Demo reviewer note 31; includes parental studies or dosage review when relevant.	reviewer4
2	VUS	ACMG/ClinGen CNV	2020	0.10	Phase 2.6 demo evidence summary 32 for segment 2.	reviewer1	Needs more evidence	Unclear relevance	Demo relevance statement 32 for segment 2.	Demo interpretation text 32 for segment 2.	In review	Pending	Not yet signed out.	2	Follow-up note	Demo follow-up note 32; includes parental studies or dosage review when relevant.	reviewer1
3	Likely Benign	ACMG/ClinGen CNV	2020	-0.45	Phase 2.6 demo evidence summary 33 for segment 3.	reviewer2	Draft	Not clinically relevant	Demo relevance statement 33 for segment 3.	Demo interpretation text 33 for segment 3.	Not started	Pending	Not yet signed out.	2	Evidence note	Demo evidence note 33; includes parental studies or dosage review when relevant.	reviewer2
1	Pathogenic	ACMG/ClinGen CNV	2020	1.00	Phase 2.6 demo evidence summary 34 for segment 1.	reviewer3	In review	Carrier	Demo relevance statement 34 for segment 1.	Demo interpretation text 34 for segment 1.	Signed out	director1	Phase 2.6 demo report text for clinical decision 34.	2	Sign-out note	Demo sign-out note 34; includes parental studies or dosage review when relevant.	reviewer3
2	Benign	ACMG/ClinGen CNV	2020	-0.90	Phase 2.6 demo evidence summary 35 for segment 2.	reviewer4	Signed out	Incidental	Demo relevance statement 35 for segment 2.	Demo interpretation text 35 for segment 2.	Amended	director1	Phase 2.6 demo report text for clinical decision 35.	2	Import note	Demo import note 35; includes parental studies or dosage review when relevant.	reviewer4
3	Likely Pathogenic	ACMG/ClinGen CNV	2020	0.95	Phase 2.6 demo evidence summary 36 for segment 3.	reviewer1	Ready for sign-out	Diagnostic	Demo relevance statement 36 for segment 3.	Demo interpretation text 36 for segment 3.	Signed out	director1	Phase 2.6 demo report text for clinical decision 36.	2	Reviewer note	Demo reviewer note 36; includes parental studies or dosage review when relevant.	reviewer1
1	VUS	ACMG/ClinGen CNV	2020	0.10	Phase 2.6 demo evidence summary 37 for segment 1.	reviewer2	Needs more evidence	Unclear relevance	Demo relevance statement 37 for segment 1.	Demo interpretation text 37 for segment 1.	In review	Pending	Not yet signed out.	2	Follow-up note	Demo follow-up note 37; includes parental studies or dosage review when relevant.	reviewer2
2	Likely Benign	ACMG/ClinGen CNV	2020	-0.45	Phase 2.6 demo evidence summary 38 for segment 2.	reviewer3	Draft	Not clinically relevant	Demo relevance statement 38 for segment 2.	Demo interpretation text 38 for segment 2.	Not started	Pending	Not yet signed out.	2	Evidence note	Demo evidence note 38; includes parental studies or dosage review when relevant.	reviewer3
3	Pathogenic	ACMG/ClinGen CNV	2020	1.00	Phase 2.6 demo evidence summary 39 for segment 3.	reviewer4	In review	Carrier	Demo relevance statement 39 for segment 3.	Demo interpretation text 39 for segment 3.	Signed out	director1	Phase 2.6 demo report text for clinical decision 39.	2	Sign-out note	Demo sign-out note 39; includes parental studies or dosage review when relevant.	reviewer4
1	Benign	ACMG/ClinGen CNV	2020	-0.90	Phase 2.6 demo evidence summary 40 for segment 1.	reviewer1	Signed out	Incidental	Demo relevance statement 40 for segment 1.	Demo interpretation text 40 for segment 1.	Amended	director1	Phase 2.6 demo report text for clinical decision 40.	2	Import note	Demo import note 40; includes parental studies or dosage review when relevant.	reviewer1
2	Likely Pathogenic	ACMG/ClinGen CNV	2020	0.95	Phase 2.6 demo evidence summary 41 for segment 2.	reviewer2	Ready for sign-out	Diagnostic	Demo relevance statement 41 for segment 2.	Demo interpretation text 41 for segment 2.	Signed out	director1	Phase 2.6 demo report text for clinical decision 41.	2	Reviewer note	Demo reviewer note 41; includes parental studies or dosage review when relevant.	reviewer2
3	VUS	ACMG/ClinGen CNV	2020	0.10	Phase 2.6 demo evidence summary 42 for segment 3.	reviewer3	Needs more evidence	Unclear relevance	Demo relevance statement 42 for segment 3.	Demo interpretation text 42 for segment 3.	In review	Pending	Not yet signed out.	2	Follow-up note	Demo follow-up note 42; includes parental studies or dosage review when relevant.	reviewer3
1	Likely Benign	ACMG/ClinGen CNV	2020	-0.45	Phase 2.6 demo evidence summary 43 for segment 1.	reviewer4	Draft	Not clinically relevant	Demo relevance statement 43 for segment 1.	Demo interpretation text 43 for segment 1.	Not started	Pending	Not yet signed out.	2	Evidence note	Demo evidence note 43; includes parental studies or dosage review when relevant.	reviewer4
2	Pathogenic	ACMG/ClinGen CNV	2020	1.00	Phase 2.6 demo evidence summary 44 for segment 2.	reviewer1	In review	Carrier	Demo relevance statement 44 for segment 2.	Demo interpretation text 44 for segment 2.	Signed out	director1	Phase 2.6 demo report text for clinical decision 44.	2	Sign-out note	Demo sign-out note 44; includes parental studies or dosage review when relevant.	reviewer1
3	Benign	ACMG/ClinGen CNV	2020	-0.90	Phase 2.6 demo evidence summary 45 for segment 3.	reviewer2	Signed out	Incidental	Demo relevance statement 45 for segment 3.	Demo interpretation text 45 for segment 3.	Amended	director1	Phase 2.6 demo report text for clinical decision 45.	2	Import note	Demo import note 45; includes parental studies or dosage review when relevant.	reviewer2
1	Likely Pathogenic	ACMG/ClinGen CNV	2020	0.95	Phase 2.6 demo evidence summary 46 for segment 1.	reviewer3	Ready for sign-out	Diagnostic	Demo relevance statement 46 for segment 1.	Demo interpretation text 46 for segment 1.	Signed out	director1	Phase 2.6 demo report text for clinical decision 46.	2	Reviewer note	Demo reviewer note 46; includes parental studies or dosage review when relevant.	reviewer3
2	VUS	ACMG/ClinGen CNV	2020	0.10	Phase 2.6 demo evidence summary 47 for segment 2.	reviewer4	Needs more evidence	Unclear relevance	Demo relevance statement 47 for segment 2.	Demo interpretation text 47 for segment 2.	In review	Pending	Not yet signed out.	2	Follow-up note	Demo follow-up note 47; includes parental studies or dosage review when relevant.	reviewer4
3	Likely Benign	ACMG/ClinGen CNV	2020	-0.45	Phase 2.6 demo evidence summary 48 for segment 3.	reviewer1	Draft	Not clinically relevant	Demo relevance statement 48 for segment 3.	Demo interpretation text 48 for segment 3.	Not started	Pending	Not yet signed out.	2	Evidence note	Demo evidence note 48; includes parental studies or dosage review when relevant.	reviewer1
1	Pathogenic	ACMG/ClinGen CNV	2020	1.00	Phase 2.6 demo evidence summary 49 for segment 1.	reviewer2	In review	Carrier	Demo relevance statement 49 for segment 1.	Demo interpretation text 49 for segment 1.	Signed out	director1	Phase 2.6 demo report text for clinical decision 49.	2	Sign-out note	Demo sign-out note 49; includes parental studies or dosage review when relevant.	reviewer2
2	Benign	ACMG/ClinGen CNV	2020	-0.90	Phase 2.6 demo evidence summary 50 for segment 2.	reviewer3	Signed out	Incidental	Demo relevance statement 50 for segment 2.	Demo interpretation text 50 for segment 2.	Amended	director1	Phase 2.6 demo report text for clinical decision 50.	2	Import note	Demo import note 50; includes parental studies or dosage review when relevant.	reviewer3
3	Likely Pathogenic	ACMG/ClinGen CNV	2020	0.95	Phase 2.6 demo evidence summary 51 for segment 3.	reviewer4	Ready for sign-out	Diagnostic	Demo relevance statement 51 for segment 3.	Demo interpretation text 51 for segment 3.	Signed out	director1	Phase 2.6 demo report text for clinical decision 51.	3	Reviewer note	Demo reviewer note 51; includes parental studies or dosage review when relevant.	reviewer4
1	VUS	ACMG/ClinGen CNV	2020	0.10	Phase 2.6 demo evidence summary 52 for segment 1.	reviewer1	Needs more evidence	Unclear relevance	Demo relevance statement 52 for segment 1.	Demo interpretation text 52 for segment 1.	In review	Pending	Not yet signed out.	3	Follow-up note	Demo follow-up note 52; includes parental studies or dosage review when relevant.	reviewer1
2	Likely Benign	ACMG/ClinGen CNV	2020	-0.45	Phase 2.6 demo evidence summary 53 for segment 2.	reviewer2	Draft	Not clinically relevant	Demo relevance statement 53 for segment 2.	Demo interpretation text 53 for segment 2.	Not started	Pending	Not yet signed out.	3	Evidence note	Demo evidence note 53; includes parental studies or dosage review when relevant.	reviewer2
3	Pathogenic	ACMG/ClinGen CNV	2020	1.00	Phase 2.6 demo evidence summary 54 for segment 3.	reviewer3	In review	Carrier	Demo relevance statement 54 for segment 3.	Demo interpretation text 54 for segment 3.	Signed out	director1	Phase 2.6 demo report text for clinical decision 54.	3	Sign-out note	Demo sign-out note 54; includes parental studies or dosage review when relevant.	reviewer3
1	Benign	ACMG/ClinGen CNV	2020	-0.90	Phase 2.6 demo evidence summary 55 for segment 1.	reviewer4	Signed out	Incidental	Demo relevance statement 55 for segment 1.	Demo interpretation text 55 for segment 1.	Amended	director1	Phase 2.6 demo report text for clinical decision 55.	3	Import note	Demo import note 55; includes parental studies or dosage review when relevant.	reviewer4
2	Likely Pathogenic	ACMG/ClinGen CNV	2020	0.95	Phase 2.6 demo evidence summary 56 for segment 2.	reviewer1	Ready for sign-out	Diagnostic	Demo relevance statement 56 for segment 2.	Demo interpretation text 56 for segment 2.	Signed out	director1	Phase 2.6 demo report text for clinical decision 56.	3	Reviewer note	Demo reviewer note 56; includes parental studies or dosage review when relevant.	reviewer1
3	VUS	ACMG/ClinGen CNV	2020	0.10	Phase 2.6 demo evidence summary 57 for segment 3.	reviewer2	Needs more evidence	Unclear relevance	Demo relevance statement 57 for segment 3.	Demo interpretation text 57 for segment 3.	In review	Pending	Not yet signed out.	3	Follow-up note	Demo follow-up note 57; includes parental studies or dosage review when relevant.	reviewer2
1	Likely Benign	ACMG/ClinGen CNV	2020	-0.45	Phase 2.6 demo evidence summary 58 for segment 1.	reviewer3	Draft	Not clinically relevant	Demo relevance statement 58 for segment 1.	Demo interpretation text 58 for segment 1.	Not started	Pending	Not yet signed out.	3	Evidence note	Demo evidence note 58; includes parental studies or dosage review when relevant.	reviewer3
2	Pathogenic	ACMG/ClinGen CNV	2020	1.00	Phase 2.6 demo evidence summary 59 for segment 2.	reviewer4	In review	Carrier	Demo relevance statement 59 for segment 2.	Demo interpretation text 59 for segment 2.	Signed out	director1	Phase 2.6 demo report text for clinical decision 59.	3	Sign-out note	Demo sign-out note 59; includes parental studies or dosage review when relevant.	reviewer4
3	Benign	ACMG/ClinGen CNV	2020	-0.90	Phase 2.6 demo evidence summary 60 for segment 3.	reviewer1	Signed out	Incidental	Demo relevance statement 60 for segment 3.	Demo interpretation text 60 for segment 3.	Amended	director1	Phase 2.6 demo report text for clinical decision 60.	3	Import note	Demo import note 60; includes parental studies or dosage review when relevant.	reviewer1
1	Likely Pathogenic	ACMG/ClinGen CNV	2020	0.95	Phase 2.6 demo evidence summary 61 for segment 1.	reviewer2	Ready for sign-out	Diagnostic	Demo relevance statement 61 for segment 1.	Demo interpretation text 61 for segment 1.	Signed out	director1	Phase 2.6 demo report text for clinical decision 61.	3	Reviewer note	Demo reviewer note 61; includes parental studies or dosage review when relevant.	reviewer2
2	VUS	ACMG/ClinGen CNV	2020	0.10	Phase 2.6 demo evidence summary 62 for segment 2.	reviewer3	Needs more evidence	Unclear relevance	Demo relevance statement 62 for segment 2.	Demo interpretation text 62 for segment 2.	In review	Pending	Not yet signed out.	3	Follow-up note	Demo follow-up note 62; includes parental studies or dosage review when relevant.	reviewer3
3	Likely Benign	ACMG/ClinGen CNV	2020	-0.45	Phase 2.6 demo evidence summary 63 for segment 3.	reviewer4	Draft	Not clinically relevant	Demo relevance statement 63 for segment 3.	Demo interpretation text 63 for segment 3.	Not started	Pending	Not yet signed out.	3	Evidence note	Demo evidence note 63; includes parental studies or dosage review when relevant.	reviewer4
1	Pathogenic	ACMG/ClinGen CNV	2020	1.00	Phase 2.6 demo evidence summary 64 for segment 1.	reviewer1	In review	Carrier	Demo relevance statement 64 for segment 1.	Demo interpretation text 64 for segment 1.	Signed out	director1	Phase 2.6 demo report text for clinical decision 64.	3	Sign-out note	Demo sign-out note 64; includes parental studies or dosage review when relevant.	reviewer1
2	Benign	ACMG/ClinGen CNV	2020	-0.90	Phase 2.6 demo evidence summary 65 for segment 2.	reviewer2	Signed out	Incidental	Demo relevance statement 65 for segment 2.	Demo interpretation text 65 for segment 2.	Amended	director1	Phase 2.6 demo report text for clinical decision 65.	3	Import note	Demo import note 65; includes parental studies or dosage review when relevant.	reviewer2
3	Likely Pathogenic	ACMG/ClinGen CNV	2020	0.95	Phase 2.6 demo evidence summary 66 for segment 3.	reviewer3	Ready for sign-out	Diagnostic	Demo relevance statement 66 for segment 3.	Demo interpretation text 66 for segment 3.	Signed out	director1	Phase 2.6 demo report text for clinical decision 66.	3	Reviewer note	Demo reviewer note 66; includes parental studies or dosage review when relevant.	reviewer3
1	VUS	ACMG/ClinGen CNV	2020	0.10	Phase 2.6 demo evidence summary 67 for segment 1.	reviewer4	Needs more evidence	Unclear relevance	Demo relevance statement 67 for segment 1.	Demo interpretation text 67 for segment 1.	In review	Pending	Not yet signed out.	3	Follow-up note	Demo follow-up note 67; includes parental studies or dosage review when relevant.	reviewer4
2	Likely Benign	ACMG/ClinGen CNV	2020	-0.45	Phase 2.6 demo evidence summary 68 for segment 2.	reviewer1	Draft	Not clinically relevant	Demo relevance statement 68 for segment 2.	Demo interpretation text 68 for segment 2.	Not started	Pending	Not yet signed out.	3	Evidence note	Demo evidence note 68; includes parental studies or dosage review when relevant.	reviewer1
3	Pathogenic	ACMG/ClinGen CNV	2020	1.00	Phase 2.6 demo evidence summary 69 for segment 3.	reviewer2	In review	Carrier	Demo relevance statement 69 for segment 3.	Demo interpretation text 69 for segment 3.	Signed out	director1	Phase 2.6 demo report text for clinical decision 69.	3	Sign-out note	Demo sign-out note 69; includes parental studies or dosage review when relevant.	reviewer2
1	Benign	ACMG/ClinGen CNV	2020	-0.90	Phase 2.6 demo evidence summary 70 for segment 1.	reviewer3	Signed out	Incidental	Demo relevance statement 70 for segment 1.	Demo interpretation text 70 for segment 1.	Amended	director1	Phase 2.6 demo report text for clinical decision 70.	3	Import note	Demo import note 70; includes parental studies or dosage review when relevant.	reviewer3
2	Likely Pathogenic	ACMG/ClinGen CNV	2020	0.95	Phase 2.6 demo evidence summary 71 for segment 2.	reviewer4	Ready for sign-out	Diagnostic	Demo relevance statement 71 for segment 2.	Demo interpretation text 71 for segment 2.	Signed out	director1	Phase 2.6 demo report text for clinical decision 71.	3	Reviewer note	Demo reviewer note 71; includes parental studies or dosage review when relevant.	reviewer4
3	VUS	ACMG/ClinGen CNV	2020	0.10	Phase 2.6 demo evidence summary 72 for segment 3.	reviewer1	Needs more evidence	Unclear relevance	Demo relevance statement 72 for segment 3.	Demo interpretation text 72 for segment 3.	In review	Pending	Not yet signed out.	3	Follow-up note	Demo follow-up note 72; includes parental studies or dosage review when relevant.	reviewer1
1	Likely Benign	ACMG/ClinGen CNV	2020	-0.45	Phase 2.6 demo evidence summary 73 for segment 1.	reviewer2	Draft	Not clinically relevant	Demo relevance statement 73 for segment 1.	Demo interpretation text 73 for segment 1.	Not started	Pending	Not yet signed out.	3	Evidence note	Demo evidence note 73; includes parental studies or dosage review when relevant.	reviewer2
2	Pathogenic	ACMG/ClinGen CNV	2020	1.00	Phase 2.6 demo evidence summary 74 for segment 2.	reviewer3	In review	Carrier	Demo relevance statement 74 for segment 2.	Demo interpretation text 74 for segment 2.	Signed out	director1	Phase 2.6 demo report text for clinical decision 74.	3	Sign-out note	Demo sign-out note 74; includes parental studies or dosage review when relevant.	reviewer3
3	Benign	ACMG/ClinGen CNV	2020	-0.90	Phase 2.6 demo evidence summary 75 for segment 3.	reviewer4	Signed out	Incidental	Demo relevance statement 75 for segment 3.	Demo interpretation text 75 for segment 3.	Amended	director1	Phase 2.6 demo report text for clinical decision 75.	3	Import note	Demo import note 75; includes parental studies or dosage review when relevant.	reviewer4
1	Likely Pathogenic	ACMG/ClinGen CNV	2020	0.95	Phase 2.6 demo evidence summary 76 for segment 1.	reviewer1	Ready for sign-out	Diagnostic	Demo relevance statement 76 for segment 1.	Demo interpretation text 76 for segment 1.	Signed out	director1	Phase 2.6 demo report text for clinical decision 76.	4	Reviewer note	Demo reviewer note 76; includes parental studies or dosage review when relevant.	reviewer1
2	VUS	ACMG/ClinGen CNV	2020	0.10	Phase 2.6 demo evidence summary 77 for segment 2.	reviewer2	Needs more evidence	Unclear relevance	Demo relevance statement 77 for segment 2.	Demo interpretation text 77 for segment 2.	In review	Pending	Not yet signed out.	4	Follow-up note	Demo follow-up note 77; includes parental studies or dosage review when relevant.	reviewer2
3	Likely Benign	ACMG/ClinGen CNV	2020	-0.45	Phase 2.6 demo evidence summary 78 for segment 3.	reviewer3	Draft	Not clinically relevant	Demo relevance statement 78 for segment 3.	Demo interpretation text 78 for segment 3.	Not started	Pending	Not yet signed out.	4	Evidence note	Demo evidence note 78; includes parental studies or dosage review when relevant.	reviewer3
1	Pathogenic	ACMG/ClinGen CNV	2020	1.00	Phase 2.6 demo evidence summary 79 for segment 1.	reviewer4	In review	Carrier	Demo relevance statement 79 for segment 1.	Demo interpretation text 79 for segment 1.	Signed out	director1	Phase 2.6 demo report text for clinical decision 79.	4	Sign-out note	Demo sign-out note 79; includes parental studies or dosage review when relevant.	reviewer4
2	Benign	ACMG/ClinGen CNV	2020	-0.90	Phase 2.6 demo evidence summary 80 for segment 2.	reviewer1	Signed out	Incidental	Demo relevance statement 80 for segment 2.	Demo interpretation text 80 for segment 2.	Amended	director1	Phase 2.6 demo report text for clinical decision 80.	4	Import note	Demo import note 80; includes parental studies or dosage review when relevant.	reviewer1
3	Likely Pathogenic	ACMG/ClinGen CNV	2020	0.95	Phase 2.6 demo evidence summary 81 for segment 3.	reviewer2	Ready for sign-out	Diagnostic	Demo relevance statement 81 for segment 3.	Demo interpretation text 81 for segment 3.	Signed out	director1	Phase 2.6 demo report text for clinical decision 81.	4	Reviewer note	Demo reviewer note 81; includes parental studies or dosage review when relevant.	reviewer2
1	VUS	ACMG/ClinGen CNV	2020	0.10	Phase 2.6 demo evidence summary 82 for segment 1.	reviewer3	Needs more evidence	Unclear relevance	Demo relevance statement 82 for segment 1.	Demo interpretation text 82 for segment 1.	In review	Pending	Not yet signed out.	4	Follow-up note	Demo follow-up note 82; includes parental studies or dosage review when relevant.	reviewer3
2	Likely Benign	ACMG/ClinGen CNV	2020	-0.45	Phase 2.6 demo evidence summary 83 for segment 2.	reviewer4	Draft	Not clinically relevant	Demo relevance statement 83 for segment 2.	Demo interpretation text 83 for segment 2.	Not started	Pending	Not yet signed out.	4	Evidence note	Demo evidence note 83; includes parental studies or dosage review when relevant.	reviewer4
3	Pathogenic	ACMG/ClinGen CNV	2020	1.00	Phase 2.6 demo evidence summary 84 for segment 3.	reviewer1	In review	Carrier	Demo relevance statement 84 for segment 3.	Demo interpretation text 84 for segment 3.	Signed out	director1	Phase 2.6 demo report text for clinical decision 84.	4	Sign-out note	Demo sign-out note 84; includes parental studies or dosage review when relevant.	reviewer1
1	Benign	ACMG/ClinGen CNV	2020	-0.90	Phase 2.6 demo evidence summary 85 for segment 1.	reviewer2	Signed out	Incidental	Demo relevance statement 85 for segment 1.	Demo interpretation text 85 for segment 1.	Amended	director1	Phase 2.6 demo report text for clinical decision 85.	4	Import note	Demo import note 85; includes parental studies or dosage review when relevant.	reviewer2
2	Likely Pathogenic	ACMG/ClinGen CNV	2020	0.95	Phase 2.6 demo evidence summary 86 for segment 2.	reviewer3	Ready for sign-out	Diagnostic	Demo relevance statement 86 for segment 2.	Demo interpretation text 86 for segment 2.	Signed out	director1	Phase 2.6 demo report text for clinical decision 86.	4	Reviewer note	Demo reviewer note 86; includes parental studies or dosage review when relevant.	reviewer3
3	VUS	ACMG/ClinGen CNV	2020	0.10	Phase 2.6 demo evidence summary 87 for segment 3.	reviewer4	Needs more evidence	Unclear relevance	Demo relevance statement 87 for segment 3.	Demo interpretation text 87 for segment 3.	In review	Pending	Not yet signed out.	4	Follow-up note	Demo follow-up note 87; includes parental studies or dosage review when relevant.	reviewer4
1	Likely Benign	ACMG/ClinGen CNV	2020	-0.45	Phase 2.6 demo evidence summary 88 for segment 1.	reviewer1	Draft	Not clinically relevant	Demo relevance statement 88 for segment 1.	Demo interpretation text 88 for segment 1.	Not started	Pending	Not yet signed out.	4	Evidence note	Demo evidence note 88; includes parental studies or dosage review when relevant.	reviewer1
2	Pathogenic	ACMG/ClinGen CNV	2020	1.00	Phase 2.6 demo evidence summary 89 for segment 2.	reviewer2	In review	Carrier	Demo relevance statement 89 for segment 2.	Demo interpretation text 89 for segment 2.	Signed out	director1	Phase 2.6 demo report text for clinical decision 89.	4	Sign-out note	Demo sign-out note 89; includes parental studies or dosage review when relevant.	reviewer2
3	Benign	ACMG/ClinGen CNV	2020	-0.90	Phase 2.6 demo evidence summary 90 for segment 3.	reviewer3	Signed out	Incidental	Demo relevance statement 90 for segment 3.	Demo interpretation text 90 for segment 3.	Amended	director1	Phase 2.6 demo report text for clinical decision 90.	4	Import note	Demo import note 90; includes parental studies or dosage review when relevant.	reviewer3
1	Likely Pathogenic	ACMG/ClinGen CNV	2020	0.95	Phase 2.6 demo evidence summary 91 for segment 1.	reviewer4	Ready for sign-out	Diagnostic	Demo relevance statement 91 for segment 1.	Demo interpretation text 91 for segment 1.	Signed out	director1	Phase 2.6 demo report text for clinical decision 91.	4	Reviewer note	Demo reviewer note 91; includes parental studies or dosage review when relevant.	reviewer4
2	VUS	ACMG/ClinGen CNV	2020	0.10	Phase 2.6 demo evidence summary 92 for segment 2.	reviewer1	Needs more evidence	Unclear relevance	Demo relevance statement 92 for segment 2.	Demo interpretation text 92 for segment 2.	In review	Pending	Not yet signed out.	4	Follow-up note	Demo follow-up note 92; includes parental studies or dosage review when relevant.	reviewer1
3	Likely Benign	ACMG/ClinGen CNV	2020	-0.45	Phase 2.6 demo evidence summary 93 for segment 3.	reviewer2	Draft	Not clinically relevant	Demo relevance statement 93 for segment 3.	Demo interpretation text 93 for segment 3.	Not started	Pending	Not yet signed out.	4	Evidence note	Demo evidence note 93; includes parental studies or dosage review when relevant.	reviewer2
1	Pathogenic	ACMG/ClinGen CNV	2020	1.00	Phase 2.6 demo evidence summary 94 for segment 1.	reviewer3	In review	Carrier	Demo relevance statement 94 for segment 1.	Demo interpretation text 94 for segment 1.	Signed out	director1	Phase 2.6 demo report text for clinical decision 94.	4	Sign-out note	Demo sign-out note 94; includes parental studies or dosage review when relevant.	reviewer3
2	Benign	ACMG/ClinGen CNV	2020	-0.90	Phase 2.6 demo evidence summary 95 for segment 2.	reviewer4	Signed out	Incidental	Demo relevance statement 95 for segment 2.	Demo interpretation text 95 for segment 2.	Amended	director1	Phase 2.6 demo report text for clinical decision 95.	4	Import note	Demo import note 95; includes parental studies or dosage review when relevant.	reviewer4
3	Likely Pathogenic	ACMG/ClinGen CNV	2020	0.95	Phase 2.6 demo evidence summary 96 for segment 3.	reviewer1	Ready for sign-out	Diagnostic	Demo relevance statement 96 for segment 3.	Demo interpretation text 96 for segment 3.	Signed out	director1	Phase 2.6 demo report text for clinical decision 96.	4	Reviewer note	Demo reviewer note 96; includes parental studies or dosage review when relevant.	reviewer1
1	VUS	ACMG/ClinGen CNV	2020	0.10	Phase 2.6 demo evidence summary 97 for segment 1.	reviewer2	Needs more evidence	Unclear relevance	Demo relevance statement 97 for segment 1.	Demo interpretation text 97 for segment 1.	In review	Pending	Not yet signed out.	4	Follow-up note	Demo follow-up note 97; includes parental studies or dosage review when relevant.	reviewer2
2	Likely Benign	ACMG/ClinGen CNV	2020	-0.45	Phase 2.6 demo evidence summary 98 for segment 2.	reviewer3	Draft	Not clinically relevant	Demo relevance statement 98 for segment 2.	Demo interpretation text 98 for segment 2.	Not started	Pending	Not yet signed out.	4	Evidence note	Demo evidence note 98; includes parental studies or dosage review when relevant.	reviewer3
3	Pathogenic	ACMG/ClinGen CNV	2020	1.00	Phase 2.6 demo evidence summary 99 for segment 3.	reviewer4	In review	Carrier	Demo relevance statement 99 for segment 3.	Demo interpretation text 99 for segment 3.	Signed out	director1	Phase 2.6 demo report text for clinical decision 99.	4	Sign-out note	Demo sign-out note 99; includes parental studies or dosage review when relevant.	reviewer4
1	Benign	ACMG/ClinGen CNV	2020	-0.90	Phase 2.6 demo evidence summary 100 for segment 1.	reviewer1	Signed out	Incidental	Demo relevance statement 100 for segment 1.	Demo interpretation text 100 for segment 1.	Amended	director1	Phase 2.6 demo report text for clinical decision 100.	4	Import note	Demo import note 100; includes parental studies or dosage review when relevant.	reviewer1
