sample_accession_id	individual_id	dna_source	test_type	lab_technology	manufacturer	pipeline_name	pipeline_version	settings_used	genome_build	calling_method	raw_iscn	karyotype_text	clone_number	cell_count	abnormalities	chromosome	start_pos	stop_pos	cytoband_start	cytoband_end	event_type	copy_number	array_score	confidence	number_of_sites	annotation_names	annotations
ARRAY001	IND_ARRAY001	Peripheral blood	Array-derived CNV	Array CGH	Affymetrix	Array CNV Caller	2.5	min_sites=20;log2_threshold=0.3	hg38	Array-derived						chr18	33275598	40930641	q22	q32	LOSS	1	0.81	LOW	346	Gene;ProbeCount;ArrayScore	RAI1;346;0.81
ARRAY002	IND_ARRAY002	Bone marrow	Array-derived CNV	SNP Array	Affymetrix	Array CNV Caller	2.5	min_sites=20;log2_threshold=0.3	hg38	Array-derived						chr20	150801646	156329678	q32	q44	DUP	3	0.788	MEDIUM	229	Gene;ProbeCount;ArrayScore	FCGR3A;229;0.788
ARRAY003	IND_ARRAY003	Fetal tissue	Array-derived CNV	Array CGH	Agilent	Array CNV Caller	2.5	min_sites=20;log2_threshold=0.3	hg19	Array-derived						chr4	26189779	30154069	p31	p13	DUP	3	0.975	MEDIUM	376	Gene;ProbeCount;ArrayScore	ELN;376;0.975
ARRAY004	IND_ARRAY004	Fetal tissue	Array-derived CNV	SNP Array	Illumina	Array CNV Caller	2.5	min_sites=20;log2_threshold=0.3	hg19	Array-derived						chr21	26680917	40692965	q22	q23	GAIN	3	0.9	HIGH	131	Gene;ProbeCount;ArrayScore	CFTR;131;0.9
ARRAY005	IND_ARRAY005	Peripheral blood	Array-derived CNV	Array CGH	Affymetrix	Array CNV Caller	2.5	min_sites=20;log2_threshold=0.3	hg19	Array-derived						chr12	146253940	157097338	p32	p31	LOSS	1	0.981	LOW	454	Gene;ProbeCount;ArrayScore	CFTR;454;0.981
ARRAY006	IND_ARRAY006	Tumor tissue	Array-derived CNV	SNP Array	Agilent	Array CNV Caller	2.5	min_sites=20;log2_threshold=0.3	hg19	Array-derived						chr11	65482526	67620178	p13	p12	DUP	3	0.87	MEDIUM	436	Gene;ProbeCount;ArrayScore	HLA-DQB1;436;0.87
ARRAY007	IND_ARRAY007	Tumor tissue	Array-derived CNV	SNP Array	Agilent	Array CNV Caller	2.5	min_sites=20;log2_threshold=0.3	hg38	Array-derived						chr5	34994497	44082808	q12	q22	LOSS	1	0.951	LOW	87	Gene;ProbeCount;ArrayScore	TP53;87;0.951
ARRAY008	IND_ARRAY008	Tumor tissue	Array-derived CNV	Array CGH	Agilent	Array CNV Caller	2.5	min_sites=20;log2_threshold=0.3	hg19	Array-derived						chr6	71334049	72238158	q33	q34	DUP	3	0.916	MEDIUM	263	Gene;ProbeCount;ArrayScore	CFTR;263;0.916
ARRAY009	IND_ARRAY009	Fetal tissue	Array-derived CNV	Microarray	Illumina	Array CNV Caller	2.5	min_sites=20;log2_threshold=0.3	hg19	Array-derived						chr17	59571808	69916588	q33	q44	DEL	1	0.833	MEDIUM	35	Gene;ProbeCount;ArrayScore	BRCA1;35;0.833
ARRAY010	IND_ARRAY010	Skin biopsy	Array-derived CNV	Array CGH	Agilent	Array CNV Caller	2.5	min_sites=20;log2_threshold=0.3	hg38	Array-derived						chrX	119167856	120425825	p34	p33	DEL	1	0.737	MEDIUM	339	Gene;ProbeCount;ArrayScore	MECP2;339;0.737
ARRAY011	IND_ARRAY011	Skin biopsy	Array-derived CNV	Array CGH	Affymetrix	Array CNV Caller	2.5	min_sites=20;log2_threshold=0.3	hg38	Array-derived						chr20	142520266	147492829	q31	q32	GAIN	3	0.93	MEDIUM	78	Gene;ProbeCount;ArrayScore	MECP2;78;0.93
ARRAY012	IND_ARRAY012	Tumor tissue	Array-derived CNV	SNP Array	Agilent	Array CNV Caller	2.5	min_sites=20;log2_threshold=0.3	hg38	Array-derived						chr8	111182235	116893563	p35	p33	GAIN	3	0.824	LOW	360	Gene;ProbeCount;ArrayScore	HLA-DRB1;360;0.824
ARRAY013	IND_ARRAY013	Skin biopsy	Array-derived CNV	Microarray	Agilent	Array CNV Caller	2.5	min_sites=20;log2_threshold=0.3	hg19	Array-derived						chr3	23014821	24603962	p31	p22	GAIN	3	0.861	MEDIUM	320	Gene;ProbeCount;ArrayScore	ELN;320;0.861
ARRAY014	IND_ARRAY014	Skin biopsy	Array-derived CNV	Array CGH	Affymetrix	Array CNV Caller	2.5	min_sites=20;log2_threshold=0.3	hg19	Array-derived						chr12	178700985	191313665	q11	q13	GAIN	3	0.874	HIGH	200	Gene;ProbeCount;ArrayScore	FCGR3A;200;0.874
ARRAY015	IND_ARRAY015	Bone marrow	Array-derived CNV	Microarray	Agilent	Array CNV Caller	2.5	min_sites=20;log2_threshold=0.3	hg19	Array-derived						chr16	60295272	74535185	p13	p11	DEL	1	0.733	HIGH	162	Gene;ProbeCount;ArrayScore	MBD5;162;0.733
ARRAY016	IND_ARRAY016	Skin biopsy	Array-derived CNV	Array CGH	Illumina	Array CNV Caller	2.5	min_sites=20;log2_threshold=0.3	hg19	Array-derived						chr22	186252254	190764282	p32	p22	DEL	1	0.802	LOW	112	Gene;ProbeCount;ArrayScore	CYP2A6;112;0.802
ARRAY017	IND_ARRAY017	Tumor tissue	Array-derived CNV	Microarray	Agilent	Array CNV Caller	2.5	min_sites=20;log2_threshold=0.3	hg38	Array-derived						chrY	170065816	170605156	q21	q23	DEL	1	0.822	HIGH	194	Gene;ProbeCount;ArrayScore	TUBA3E;194;0.822
ARRAY018	IND_ARRAY018	Fetal tissue	Array-derived CNV	Microarray	Agilent	Array CNV Caller	2.5	min_sites=20;log2_threshold=0.3	hg38	Array-derived						chr20	22905481	37750503	p12	p11	DEL	1	0.895	MEDIUM	159	Gene;ProbeCount;ArrayScore	CFTR;159;0.895
ARRAY019	IND_ARRAY019	Skin biopsy	Array-derived CNV	Array CGH	Illumina	Array CNV Caller	2.5	min_sites=20;log2_threshold=0.3	hg19	Array-derived						chr9	57966353	70657197	p35	p33	DEL	1	0.897	LOW	323	Gene;ProbeCount;ArrayScore	PARK2;323;0.897
ARRAY020	IND_ARRAY020	Peripheral blood	Array-derived CNV	SNP Array	Illumina	Array CNV Caller	2.5	min_sites=20;log2_threshold=0.3	hg38	Array-derived						chr13	160980069	161924157	p33	p32	DEL	1	0.922	LOW	168	Gene;ProbeCount;ArrayScore	PTEN;168;0.922
ARRAY021	IND_ARRAY021	Fetal tissue	Array-derived CNV	SNP Array	Illumina	Array CNV Caller	2.5	min_sites=20;log2_threshold=0.3	hg19	Array-derived						chr5	102161158	111121407	q23	q31	DUP	3	0.815	MEDIUM	399	Gene;ProbeCount;ArrayScore	BRCA1;399;0.815
ARRAY022	IND_ARRAY022	Bone marrow	Array-derived CNV	Array CGH	Illumina	Array CNV Caller	2.5	min_sites=20;log2_threshold=0.3	hg38	Array-derived						chr19	115335123	124980173	q31	q33	GAIN	3	0.733	LOW	30	Gene;ProbeCount;ArrayScore	PTEN;30;0.733
ARRAY023	IND_ARRAY023	Tumor tissue	Array-derived CNV	SNP Array	Illumina	Array CNV Caller	2.5	min_sites=20;log2_threshold=0.3	hg19	Array-derived						chr14	28517419	32624592	q33	q34	GAIN	3	0.815	LOW	178	Gene;ProbeCount;ArrayScore	NF1;178;0.815
ARRAY024	IND_ARRAY024	Bone marrow	Array-derived CNV	SNP Array	Affymetrix	Array CNV Caller	2.5	min_sites=20;log2_threshold=0.3	hg19	Array-derived						chr17	170079952	172018001	q23	q32	DUP	3	0.911	MEDIUM	439	Gene;ProbeCount;ArrayScore	MECP2;439;0.911
ARRAY025	IND_ARRAY025	Fetal tissue	Array-derived CNV	Array CGH	Agilent	Array CNV Caller	2.5	min_sites=20;log2_threshold=0.3	hg38	Array-derived						chr7	46673289	56804866	q12	q13	DUP	3	0.976	HIGH	341	Gene;ProbeCount;ArrayScore	PARK2;341;0.976
ARRAY026	IND_ARRAY026	Tumor tissue	Array-derived CNV	Microarray	Agilent	Array CNV Caller	2.5	min_sites=20;log2_threshold=0.3	hg19	Array-derived						chr19	172701805	183385342	q23	q31	LOSS	1	0.828	MEDIUM	260	Gene;ProbeCount;ArrayScore	CFTR;260;0.828
ARRAY027	IND_ARRAY027	Peripheral blood	Array-derived CNV	Array CGH	Agilent	Array CNV Caller	2.5	min_sites=20;log2_threshold=0.3	hg38	Array-derived						chr17	20015403	25248182	q11	q13	GAIN	3	0.941	MEDIUM	59	Gene;ProbeCount;ArrayScore	MECP2;59;0.941
ARRAY028	IND_ARRAY028	Bone marrow	Array-derived CNV	SNP Array	Illumina	Array CNV Caller	2.5	min_sites=20;log2_threshold=0.3	hg19	Array-derived						chr19	148898166	162207664	p12	p11	DEL	1	0.793	MEDIUM	263	Gene;ProbeCount;ArrayScore	AUTS2;263;0.793
ARRAY029	IND_ARRAY029	Tumor tissue	Array-derived CNV	Microarray	Illumina	Array CNV Caller	2.5	min_sites=20;log2_threshold=0.3	hg38	Array-derived						chrX	22736928	31226855	p21	p12	DUP	3	0.852	MEDIUM	332	Gene;ProbeCount;ArrayScore	TUBA3E;332;0.852
ARRAY030	IND_ARRAY030	Fetal tissue	Array-derived CNV	Microarray	Illumina	Array CNV Caller	2.5	min_sites=20;log2_threshold=0.3	hg19	Array-derived						chr11	182340218	192396078	q23	q31	DEL	1	0.796	MEDIUM	305	Gene;ProbeCount;ArrayScore	SMN1;305;0.796
ARRAY031	IND_ARRAY031	Skin biopsy	Array-derived CNV	Array CGH	Affymetrix	Array CNV Caller	2.5	min_sites=20;log2_threshold=0.3	hg38	Array-derived						chr3	156527947	167686510	q22	q32	DUP	3	0.903	HIGH	220	Gene;ProbeCount;ArrayScore	CYP2A6;220;0.903
ARRAY032	IND_ARRAY032	Tumor tissue	Array-derived CNV	SNP Array	Illumina	Array CNV Caller	2.5	min_sites=20;log2_threshold=0.3	hg38	Array-derived						chr13	172836406	186143289	q33	q34	LOSS	1	0.887	LOW	236	Gene;ProbeCount;ArrayScore	AUTS2;236;0.887
ARRAY033	IND_ARRAY033	Skin biopsy	Array-derived CNV	Array CGH	Agilent	Array CNV Caller	2.5	min_sites=20;log2_threshold=0.3	hg19	Array-derived						chr7	91833077	104712045	p34	p33	GAIN	3	0.722	HIGH	452	Gene;ProbeCount;ArrayScore	FCGR3A;452;0.722
ARRAY034	IND_ARRAY034	Bone marrow	Array-derived CNV	Array CGH	Illumina	Array CNV Caller	2.5	min_sites=20;log2_threshold=0.3	hg19	Array-derived						chr11	205804131	216197978	q13	q21	DUP	3	0.752	MEDIUM	374	Gene;ProbeCount;ArrayScore	NRXN1;374;0.752
ARRAY035	IND_ARRAY035	Bone marrow	Array-derived CNV	Array CGH	Affymetrix	Array CNV Caller	2.5	min_sites=20;log2_threshold=0.3	hg38	Array-derived						chr12	181659788	193757432	q34	q44	DUP	3	0.918	MEDIUM	421	Gene;ProbeCount;ArrayScore	CFTR;421;0.918
ARRAY036	IND_ARRAY036	Bone marrow	Array-derived CNV	Array CGH	Affymetrix	Array CNV Caller	2.5	min_sites=20;log2_threshold=0.3	hg38	Array-derived						chr7	98841554	110246654	q22	q31	GAIN	3	0.846	LOW	234	Gene;ProbeCount;ArrayScore	TUBA3E;234;0.846
ARRAY037	IND_ARRAY037	Tumor tissue	Array-derived CNV	SNP Array	Affymetrix	Array CNV Caller	2.5	min_sites=20;log2_threshold=0.3	hg38	Array-derived						chr21	129107571	143797819	q12	q22	LOSS	1	0.945	MEDIUM	455	Gene;ProbeCount;ArrayScore	FCGR3A;455;0.945
ARRAY038	IND_ARRAY038	Fetal tissue	Array-derived CNV	SNP Array	Illumina	Array CNV Caller	2.5	min_sites=20;log2_threshold=0.3	hg38	Array-derived						chr17	39653602	53621252	p33	p31	GAIN	3	0.957	LOW	496	Gene;ProbeCount;ArrayScore	TP53;496;0.957
ARRAY039	IND_ARRAY039	Bone marrow	Array-derived CNV	SNP Array	Illumina	Array CNV Caller	2.5	min_sites=20;log2_threshold=0.3	hg38	Array-derived						chr13	22005792	28320782	p35	p32	DUP	3	0.888	HIGH	425	Gene;ProbeCount;ArrayScore	CYP2A6;425;0.888
ARRAY040	IND_ARRAY040	Skin biopsy	Array-derived CNV	Array CGH	Agilent	Array CNV Caller	2.5	min_sites=20;log2_threshold=0.3	hg38	Array-derived						chr5	203799870	215661802	p36	p35	GAIN	3	0.706	LOW	130	Gene;ProbeCount;ArrayScore	CYP2A6;130;0.706
ARRAY041	IND_ARRAY041	Peripheral blood	Array-derived CNV	Microarray	Agilent	Array CNV Caller	2.5	min_sites=20;log2_threshold=0.3	hg19	Array-derived						chr10	63891063	68968541	p22	p12	DEL	1	0.93	HIGH	254	Gene;ProbeCount;ArrayScore	BRCA2;254;0.93
ARRAY042	IND_ARRAY042	Bone marrow	Array-derived CNV	Array CGH	Agilent	Array CNV Caller	2.5	min_sites=20;log2_threshold=0.3	hg19	Array-derived						chr17	154463127	158547175	p36	p33	DUP	3	0.802	HIGH	312	Gene;ProbeCount;ArrayScore	DMD;312;0.802
ARRAY043	IND_ARRAY043	Peripheral blood	Array-derived CNV	Microarray	Affymetrix	Array CNV Caller	2.5	min_sites=20;log2_threshold=0.3	hg38	Array-derived						chr12	18267529	27118341	p21	p13	DEL	1	0.884	LOW	211	Gene;ProbeCount;ArrayScore	HLA-DRB1;211;0.884
ARRAY044	IND_ARRAY044	Bone marrow	Array-derived CNV	Array CGH	Illumina	Array CNV Caller	2.5	min_sites=20;log2_threshold=0.3	hg38	Array-derived						chrY	176490118	187055520	q23	q31	DEL	1	0.713	HIGH	299	Gene;ProbeCount;ArrayScore	PTEN;299;0.713
ARRAY045	IND_ARRAY045	Peripheral blood	Array-derived CNV	Microarray	Illumina	Array CNV Caller	2.5	min_sites=20;log2_threshold=0.3	hg38	Array-derived						chr6	217934750	220222200	q32	q33	DEL	1	0.785	HIGH	42	Gene;ProbeCount;ArrayScore	MGAM;42;0.785
ARRAY046	IND_ARRAY046	Fetal tissue	Array-derived CNV	Microarray	Agilent	Array CNV Caller	2.5	min_sites=20;log2_threshold=0.3	hg38	Array-derived						chr16	68098396	68737790	p36	p33	DUP	3	0.796	MEDIUM	83	Gene;ProbeCount;ArrayScore	RAI1;83;0.796
ARRAY047	IND_ARRAY047	Peripheral blood	Array-derived CNV	Microarray	Agilent	Array CNV Caller	2.5	min_sites=20;log2_threshold=0.3	hg19	Array-derived						chr11	50248364	58598272	p13	p11	GAIN	3	0.932	HIGH	392	Gene;ProbeCount;ArrayScore	DMD;392;0.932
ARRAY048	IND_ARRAY048	Bone marrow	Array-derived CNV	Array CGH	Illumina	Array CNV Caller	2.5	min_sites=20;log2_threshold=0.3	hg38	Array-derived						chr10	86324537	88070844	p32	p22	DEL	1	0.829	MEDIUM	387	Gene;ProbeCount;ArrayScore	DMD;387;0.829
ARRAY049	IND_ARRAY049	Peripheral blood	Array-derived CNV	Array CGH	Agilent	Array CNV Caller	2.5	min_sites=20;log2_threshold=0.3	hg38	Array-derived						chr2	195202753	209824554	q31	q33	LOSS	1	0.885	MEDIUM	425	Gene;ProbeCount;ArrayScore	BRCA1;425;0.885
ARRAY050	IND_ARRAY050	Bone marrow	Array-derived CNV	SNP Array	Affymetrix	Array CNV Caller	2.5	min_sites=20;log2_threshold=0.3	hg38	Array-derived						chr17	215142563	227748763	q13	q23	DUP	3	0.897	MEDIUM	244	Gene;ProbeCount;ArrayScore	BRCA1;244;0.897
ARRAY051	IND_ARRAY051	Bone marrow	Array-derived CNV	Array CGH	Illumina	Array CNV Caller	2.5	min_sites=20;log2_threshold=0.3	hg38	Array-derived						chr13	152368575	152936910	q23	q32	DUP	3	0.829	MEDIUM	59	Gene;ProbeCount;ArrayScore	MBD5;59;0.829
ARRAY052	IND_ARRAY052	Peripheral blood	Array-derived CNV	Microarray	Illumina	Array CNV Caller	2.5	min_sites=20;log2_threshold=0.3	hg38	Array-derived						chr21	74910215	79123003	p34	p32	DEL	1	0.85	LOW	487	Gene;ProbeCount;ArrayScore	ELN;487;0.85
ARRAY053	IND_ARRAY053	Fetal tissue	Array-derived CNV	SNP Array	Agilent	Array CNV Caller	2.5	min_sites=20;log2_threshold=0.3	hg38	Array-derived						chr20	76758958	88427021	p34	p33	GAIN	3	0.831	HIGH	480	Gene;ProbeCount;ArrayScore	PMP22;480;0.831
ARRAY054	IND_ARRAY054	Bone marrow	Array-derived CNV	Microarray	Agilent	Array CNV Caller	2.5	min_sites=20;log2_threshold=0.3	hg19	Array-derived						chr12	190565824	191680320	q13	q23	LOSS	1	0.906	LOW	378	Gene;ProbeCount;ArrayScore	MECP2;378;0.906
ARRAY055	IND_ARRAY055	Skin biopsy	Array-derived CNV	SNP Array	Agilent	Array CNV Caller	2.5	min_sites=20;log2_threshold=0.3	hg19	Array-derived						chr7	212718510	215073477	q11	q13	DUP	3	0.861	LOW	208	Gene;ProbeCount;ArrayScore	CFTR;208;0.861
ARRAY056	IND_ARRAY056	Peripheral blood	Array-derived CNV	Microarray	Illumina	Array CNV Caller	2.5	min_sites=20;log2_threshold=0.3	hg38	Array-derived						chr10	106980254	119033403	q31	q34	GAIN	3	0.721	LOW	182	Gene;ProbeCount;ArrayScore	MECP2;182;0.721
ARRAY057	IND_ARRAY057	Peripheral blood	Array-derived CNV	Array CGH	Affymetrix	Array CNV Caller	2.5	min_sites=20;log2_threshold=0.3	hg38	Array-derived						chr18	171843374	181729786	q13	q22	DUP	3	0.846	LOW	464	Gene;ProbeCount;ArrayScore	BRCA1;464;0.846
ARRAY058	IND_ARRAY058	Skin biopsy	Array-derived CNV	Microarray	Affymetrix	Array CNV Caller	2.5	min_sites=20;log2_threshold=0.3	hg38	Array-derived						chr6	86713584	98639202	p13	p11	DUP	3	0.945	HIGH	148	Gene;ProbeCount;ArrayScore	MGAM;148;0.945
ARRAY059	IND_ARRAY059	Skin biopsy	Array-derived CNV	Microarray	Agilent	Array CNV Caller	2.5	min_sites=20;log2_threshold=0.3	hg19	Array-derived						chr18	25179496	33636274	q34	q44	DUP	3	0.75	LOW	339	Gene;ProbeCount;ArrayScore	NF1;339;0.75
ARRAY060	IND_ARRAY060	Skin biopsy	Array-derived CNV	Microarray	Agilent	Array CNV Caller	2.5	min_sites=20;log2_threshold=0.3	hg38	Array-derived						chr3	12303559	23090366	q34	q44	LOSS	1	0.879	MEDIUM	35	Gene;ProbeCount;ArrayScore	PARK2;35;0.879
ARRAY061	IND_ARRAY061	Fetal tissue	Array-derived CNV	Microarray	Affymetrix	Array CNV Caller	2.5	min_sites=20;log2_threshold=0.3	hg38	Array-derived						chr8	216106831	229676904	p35	p32	GAIN	3	0.717	HIGH	245	Gene;ProbeCount;ArrayScore	DMD;245;0.717
ARRAY062	IND_ARRAY062	Skin biopsy	Array-derived CNV	SNP Array	Illumina	Array CNV Caller	2.5	min_sites=20;log2_threshold=0.3	hg19	Array-derived						chr5	84008224	98486545	q23	q32	LOSS	1	0.738	MEDIUM	209	Gene;ProbeCount;ArrayScore	AUTS2;209;0.738
ARRAY063	IND_ARRAY063	Fetal tissue	Array-derived CNV	SNP Array	Affymetrix	Array CNV Caller	2.5	min_sites=20;log2_threshold=0.3	hg38	Array-derived						chr4	71898881	79466850	p36	p34	DUP	3	0.974	HIGH	462	Gene;ProbeCount;ArrayScore	NRXN1;462;0.974
ARRAY064	IND_ARRAY064	Peripheral blood	Array-derived CNV	SNP Array	Illumina	Array CNV Caller	2.5	min_sites=20;log2_threshold=0.3	hg38	Array-derived						chrY	84043772	87253659	q33	q44	DUP	3	0.845	LOW	177	Gene;ProbeCount;ArrayScore	PARK2;177;0.845
ARRAY065	IND_ARRAY065	Fetal tissue	Array-derived CNV	Microarray	Agilent	Array CNV Caller	2.5	min_sites=20;log2_threshold=0.3	hg19	Array-derived						chr7	156690242	162635839	p21	p11	DEL	1	0.956	LOW	354	Gene;ProbeCount;ArrayScore	SMN1;354;0.956
ARRAY066	IND_ARRAY066	Skin biopsy	Array-derived CNV	SNP Array	Illumina	Array CNV Caller	2.5	min_sites=20;log2_threshold=0.3	hg38	Array-derived						chr14	36052886	50883036	q31	q33	LOSS	1	0.713	LOW	46	Gene;ProbeCount;ArrayScore	MBD5;46;0.713
ARRAY067	IND_ARRAY067	Tumor tissue	Array-derived CNV	Microarray	Agilent	Array CNV Caller	2.5	min_sites=20;log2_threshold=0.3	hg38	Array-derived						chr13	135460063	143040755	q34	q44	LOSS	1	0.737	LOW	69	Gene;ProbeCount;ArrayScore	SHANK3;69;0.737
ARRAY068	IND_ARRAY068	Skin biopsy	Array-derived CNV	Microarray	Affymetrix	Array CNV Caller	2.5	min_sites=20;log2_threshold=0.3	hg19	Array-derived						chr7	161822417	170389075	q11	q12	GAIN	3	0.74	MEDIUM	190	Gene;ProbeCount;ArrayScore	PARK2;190;0.74
ARRAY069	IND_ARRAY069	Skin biopsy	Array-derived CNV	Microarray	Agilent	Array CNV Caller	2.5	min_sites=20;log2_threshold=0.3	hg38	Array-derived						chr20	85604754	88356085	q22	q32	GAIN	3	0.798	MEDIUM	444	Gene;ProbeCount;ArrayScore	AUTS2;444;0.798
ARRAY070	IND_ARRAY070	Peripheral blood	Array-derived CNV	Array CGH	Illumina	Array CNV Caller	2.5	min_sites=20;log2_threshold=0.3	hg38	Array-derived						chr1	98980296	104562574	q34	q44	DEL	1	0.931	HIGH	391	Gene;ProbeCount;ArrayScore	PMP22;391;0.931
ARRAY071	IND_ARRAY071	Bone marrow	Array-derived CNV	Array CGH	Affymetrix	Array CNV Caller	2.5	min_sites=20;log2_threshold=0.3	hg19	Array-derived						chr19	155157552	159000093	q13	q23	DEL	1	0.882	HIGH	337	Gene;ProbeCount;ArrayScore	SHANK3;337;0.882
ARRAY072	IND_ARRAY072	Skin biopsy	Array-derived CNV	Array CGH	Illumina	Array CNV Caller	2.5	min_sites=20;log2_threshold=0.3	hg19	Array-derived						chrX	29599854	32825683	p22	p21	DEL	1	0.82	HIGH	124	Gene;ProbeCount;ArrayScore	DMD;124;0.82
ARRAY073	IND_ARRAY073	Skin biopsy	Array-derived CNV	Microarray	Agilent	Array CNV Caller	2.5	min_sites=20;log2_threshold=0.3	hg38	Array-derived						chr5	139332964	142836580	q32	q44	LOSS	1	0.809	HIGH	108	Gene;ProbeCount;ArrayScore	CFTR;108;0.809
ARRAY074	IND_ARRAY074	Tumor tissue	Array-derived CNV	Microarray	Agilent	Array CNV Caller	2.5	min_sites=20;log2_threshold=0.3	hg19	Array-derived						chrY	182836332	193654267	q21	q22	LOSS	1	0.781	HIGH	172	Gene;ProbeCount;ArrayScore	HLA-DQB1;172;0.781
ARRAY075	IND_ARRAY075	Fetal tissue	Array-derived CNV	Microarray	Illumina	Array CNV Caller	2.5	min_sites=20;log2_threshold=0.3	hg19	Array-derived						chrX	131365765	136709826	p32	p22	GAIN	3	0.735	MEDIUM	366	Gene;ProbeCount;ArrayScore	ELN;366;0.735
ARRAY076	IND_ARRAY076	Bone marrow	Array-derived CNV	Array CGH	Illumina	Array CNV Caller	2.5	min_sites=20;log2_threshold=0.3	hg38	Array-derived						chr2	77310180	89316482	p21	p11	DEL	1	0.774	LOW	265	Gene;ProbeCount;ArrayScore	MGAM;265;0.774
ARRAY077	IND_ARRAY077	Fetal tissue	Array-derived CNV	Microarray	Agilent	Array CNV Caller	2.5	min_sites=20;log2_threshold=0.3	hg38	Array-derived						chr4	165369544	177824631	p13	p12	DUP	3	0.885	LOW	46	Gene;ProbeCount;ArrayScore	FCGR3A;46;0.885
ARRAY078	IND_ARRAY078	Fetal tissue	Array-derived CNV	Array CGH	Affymetrix	Array CNV Caller	2.5	min_sites=20;log2_threshold=0.3	hg38	Array-derived						chr22	207000938	209332252	q13	q22	DEL	1	0.889	MEDIUM	470	Gene;ProbeCount;ArrayScore	PARK2;470;0.889
ARRAY079	IND_ARRAY079	Bone marrow	Array-derived CNV	Microarray	Affymetrix	Array CNV Caller	2.5	min_sites=20;log2_threshold=0.3	hg19	Array-derived						chr10	173481902	174499485	q21	q31	DEL	1	0.914	MEDIUM	455	Gene;ProbeCount;ArrayScore	BRCA1;455;0.914
ARRAY080	IND_ARRAY080	Tumor tissue	Array-derived CNV	Microarray	Agilent	Array CNV Caller	2.5	min_sites=20;log2_threshold=0.3	hg38	Array-derived						chr16	50112646	62703834	q11	q13	LOSS	1	0.865	LOW	74	Gene;ProbeCount;ArrayScore	PTEN;74;0.865
ARRAY081	IND_ARRAY081	Bone marrow	Array-derived CNV	SNP Array	Agilent	Array CNV Caller	2.5	min_sites=20;log2_threshold=0.3	hg38	Array-derived						chr17	125733369	130335815	q23	q31	DUP	3	0.912	MEDIUM	351	Gene;ProbeCount;ArrayScore	HLA-DRB1;351;0.912
ARRAY082	IND_ARRAY082	Peripheral blood	Array-derived CNV	SNP Array	Affymetrix	Array CNV Caller	2.5	min_sites=20;log2_threshold=0.3	hg38	Array-derived						chr19	181133177	193863273	p22	p13	DUP	3	0.849	MEDIUM	64	Gene;ProbeCount;ArrayScore	SHANK3;64;0.849
ARRAY083	IND_ARRAY083	Peripheral blood	Array-derived CNV	Microarray	Agilent	Array CNV Caller	2.5	min_sites=20;log2_threshold=0.3	hg38	Array-derived						chr8	1933447	6333697	p32	p22	GAIN	3	0.788	HIGH	390	Gene;ProbeCount;ArrayScore	MBD5;390;0.788
ARRAY084	IND_ARRAY084	Tumor tissue	Array-derived CNV	Array CGH	Affymetrix	Array CNV Caller	2.5	min_sites=20;log2_threshold=0.3	hg38	Array-derived						chr8	16776372	28004963	q13	q22	DEL	1	0.899	MEDIUM	492	Gene;ProbeCount;ArrayScore	PMP22;492;0.899
ARRAY085	IND_ARRAY085	Skin biopsy	Array-derived CNV	Microarray	Agilent	Array CNV Caller	2.5	min_sites=20;log2_threshold=0.3	hg19	Array-derived						chr20	59383766	63085133	q32	q44	DUP	3	0.987	LOW	211	Gene;ProbeCount;ArrayScore	DMD;211;0.987
ARRAY086	IND_ARRAY086	Peripheral blood	Array-derived CNV	Array CGH	Agilent	Array CNV Caller	2.5	min_sites=20;log2_threshold=0.3	hg19	Array-derived						chr22	202698854	212719961	q33	q44	DEL	1	0.723	HIGH	308	Gene;ProbeCount;ArrayScore	FCGR3A;308;0.723
ARRAY087	IND_ARRAY087	Fetal tissue	Array-derived CNV	SNP Array	Agilent	Array CNV Caller	2.5	min_sites=20;log2_threshold=0.3	hg38	Array-derived						chr18	40325693	43111168	q32	q33	LOSS	1	0.897	LOW	387	Gene;ProbeCount;ArrayScore	MBD5;387;0.897
ARRAY088	IND_ARRAY088	Peripheral blood	Array-derived CNV	Microarray	Illumina	Array CNV Caller	2.5	min_sites=20;log2_threshold=0.3	hg19	Array-derived						chr15	35518538	44154407	q11	q21	GAIN	3	0.834	HIGH	433	Gene;ProbeCount;ArrayScore	MYO5A;433;0.834
ARRAY089	IND_ARRAY089	Fetal tissue	Array-derived CNV	SNP Array	Illumina	Array CNV Caller	2.5	min_sites=20;log2_threshold=0.3	hg38	Array-derived						chr7	155339248	156589480	p35	p32	DEL	1	0.988	LOW	498	Gene;ProbeCount;ArrayScore	BRCA2;498;0.988
ARRAY090	IND_ARRAY090	Fetal tissue	Array-derived CNV	SNP Array	Agilent	Array CNV Caller	2.5	min_sites=20;log2_threshold=0.3	hg19	Array-derived						chr5	205675303	216463306	p22	p13	GAIN	3	0.952	HIGH	484	Gene;ProbeCount;ArrayScore	SHANK3;484;0.952
ARRAY091	IND_ARRAY091	Skin biopsy	Array-derived CNV	Microarray	Agilent	Array CNV Caller	2.5	min_sites=20;log2_threshold=0.3	hg38	Array-derived						chr12	31945349	34964639	q21	q22	GAIN	3	0.919	LOW	172	Gene;ProbeCount;ArrayScore	CFTR;172;0.919
ARRAY092	IND_ARRAY092	Peripheral blood	Array-derived CNV	SNP Array	Affymetrix	Array CNV Caller	2.5	min_sites=20;log2_threshold=0.3	hg19	Array-derived						chr8	123748156	129580752	p35	p34	DUP	3	0.935	LOW	234	Gene;ProbeCount;ArrayScore	NRXN1;234;0.935
ARRAY093	IND_ARRAY093	Peripheral blood	Array-derived CNV	SNP Array	Agilent	Array CNV Caller	2.5	min_sites=20;log2_threshold=0.3	hg38	Array-derived						chr20	9113062	16628100	p36	p34	DEL	1	0.827	LOW	296	Gene;ProbeCount;ArrayScore	MGAM;296;0.827
ARRAY094	IND_ARRAY094	Tumor tissue	Array-derived CNV	SNP Array	Agilent	Array CNV Caller	2.5	min_sites=20;log2_threshold=0.3	hg19	Array-derived						chrY	154748441	160123757	p34	p31	LOSS	1	0.851	HIGH	231	Gene;ProbeCount;ArrayScore	MYO5A;231;0.851
ARRAY095	IND_ARRAY095	Tumor tissue	Array-derived CNV	Array CGH	Illumina	Array CNV Caller	2.5	min_sites=20;log2_threshold=0.3	hg38	Array-derived						chr22	114775783	124126409	p31	p13	GAIN	3	0.895	LOW	422	Gene;ProbeCount;ArrayScore	AUTS2;422;0.895
ARRAY096	IND_ARRAY096	Peripheral blood	Array-derived CNV	Array CGH	Illumina	Array CNV Caller	2.5	min_sites=20;log2_threshold=0.3	hg38	Array-derived						chr10	101155262	104265239	p33	p31	GAIN	3	0.949	HIGH	93	Gene;ProbeCount;ArrayScore	CFTR;93;0.949
ARRAY097	IND_ARRAY097	Peripheral blood	Array-derived CNV	Array CGH	Agilent	Array CNV Caller	2.5	min_sites=20;log2_threshold=0.3	hg19	Array-derived						chr17	36095248	42636838	p31	p13	DUP	3	0.723	LOW	250	Gene;ProbeCount;ArrayScore	RAI1;250;0.723
ARRAY098	IND_ARRAY098	Fetal tissue	Array-derived CNV	SNP Array	Illumina	Array CNV Caller	2.5	min_sites=20;log2_threshold=0.3	hg38	Array-derived						chr9	101345257	112672596	q21	q31	DEL	1	0.91	LOW	306	Gene;ProbeCount;ArrayScore	MGAM;306;0.91
ARRAY099	IND_ARRAY099	Fetal tissue	Array-derived CNV	SNP Array	Agilent	Array CNV Caller	2.5	min_sites=20;log2_threshold=0.3	hg38	Array-derived						chr7	51109096	63573985	q32	q33	DEL	1	0.902	MEDIUM	380	Gene;ProbeCount;ArrayScore	MGAM;380;0.902
ARRAY100	IND_ARRAY100	Fetal tissue	Array-derived CNV	Microarray	Affymetrix	Array CNV Caller	2.5	min_sites=20;log2_threshold=0.3	hg38	Array-derived						chr13	125258155	134236318	p31	p13	LOSS	1	0.956	MEDIUM	258	Gene;ProbeCount;ArrayScore	FCGR3A;258;0.956
